-- phpMyAdmin SQL Dump
-- version 4.7.9
-- https://www.phpmyadmin.net/
--
-- Host: 127.0.0.1:3306
-- Generation Time: Jan 23, 2022 at 07:13 PM
-- Server version: 5.7.21
-- PHP Version: 5.6.35

SET
SQL_MODE = "NO_AUTO_VALUE_ON_ZERO";
SET
AUTOCOMMIT = 0;
START TRANSACTION;
SET
time_zone = "+00:00";


/*!40101 SET @OLD_CHARACTER_SET_CLIENT=@@CHARACTER_SET_CLIENT */;
/*!40101 SET @OLD_CHARACTER_SET_RESULTS=@@CHARACTER_SET_RESULTS */;
/*!40101 SET @OLD_COLLATION_CONNECTION=@@COLLATION_CONNECTION */;
/*!40101 SET NAMES utf8mb4 */;

--
-- Database: `swaap`
--

-- --------------------------------------------------------

--
-- Table structure for table `branch_product`
--

DROP TABLE IF EXISTS `branch_product`;
CREATE TABLE IF NOT EXISTS `branch_product`
(
    `product_id` int
(
    11
) NOT NULL,
    `branch_id` int
(
    11
) NOT NULL,
    KEY `FK7ufsxprl4mh9tnsbkt6nro0k`
(
    `branch_id`
),
    KEY `FKovudsi19gkyrypqu6qls2wbfs`
(
    `product_id`
)
    ) ENGINE=MyISAM DEFAULT CHARSET=latin1;

-- --------------------------------------------------------

--
-- Table structure for table `branch_table`
--

DROP TABLE IF EXISTS `branch_table`;
CREATE TABLE IF NOT EXISTS `branch_table`
(
    `id` int
(
    11
) NOT NULL AUTO_INCREMENT,
    `branch_name` varchar
(
    255
) DEFAULT NULL,
    `password` varchar
(
    255
) DEFAULT NULL,
    `status` bit
(
    1
) DEFAULT NULL,
    `username` varchar
(
    255
) DEFAULT NULL,
    `cityVO` int
(
    11
) DEFAULT NULL,
    `stateVO` int
(
    11
) DEFAULT NULL,
    PRIMARY KEY
(
    `id`
),
    KEY `FKsh89y1h390xgg7aw32g8bwnyo`
(
    `cityVO`
),
    KEY `FKj4ja7ylu34kpwnvo5d94luvw`
(
    `stateVO`
)
    ) ENGINE=InnoDB AUTO_INCREMENT=5 DEFAULT CHARSET=latin1;

--
-- Dumping data for table `branch_table`
--

INSERT INTO `branch_table` (`id`, `branch_name`, `password`, `status`, `username`, `cityVO`, `stateVO`)
VALUES (1, 'Naranpura', 'branch1', b'1', 'branch1@gmail.com', 268, 12),
       (2, 'Panjrapole', 'branch2', b'1', 'branch2@gmail.com', 634, 29),
       (3, 'Jor Bagh', 'branch3', b'1', 'branch3@gmail.com', 973, 9),
       (4, 'Satellite', 'rainamshah', b'1', 'rainams98@gmail.com', 268, 12);

-- --------------------------------------------------------

--
-- Table structure for table `cart_table`
--

DROP TABLE IF EXISTS `cart_table`;
CREATE TABLE IF NOT EXISTS `cart_table`
(
    `id` int
(
    11
) NOT NULL AUTO_INCREMENT,
    `status` bit
(
    1
) DEFAULT NULL,
    `login_id` int
(
    11
) DEFAULT NULL,
    `product_id` int
(
    11
) DEFAULT NULL,
    `product_quantity_bought` int
(
    11
) DEFAULT NULL,
    `order_id` int
(
    11
) DEFAULT NULL,
    PRIMARY KEY
(
    `id`
),
    KEY `FKqqdpyk2dfje9bum8rsy3y7ku4`
(
    `login_id`
),
    KEY `FKphru3q25sogwctpiwiq8id9p0`
(
    `product_id`
),
    KEY `FK1mvqus7kbrmjerf1afgd3p5eb`
(
    `order_id`
)
    ) ENGINE=InnoDB AUTO_INCREMENT=75 DEFAULT CHARSET=latin1;

--
-- Dumping data for table `cart_table`
--

INSERT INTO `cart_table` (`id`, `status`, `login_id`, `product_id`, `product_quantity_bought`, `order_id`)
VALUES (1, b'1', 3, 2, 2, 1),
       (2, b'1', 3, 2, 3, 3),
       (3, b'1', 3, 2, 4, 4),
       (4, b'1', 3, 25, 1, 5),
       (5, b'1', 3, 5, 1, 6),
       (6, b'1', 3, 2, 1, 7),
       (7, b'1', 3, 19, 1, 7),
       (8, b'1', 3, 2, 1, 8),
       (9, b'1', 3, 23, 1, 9),
       (10, b'1', 3, 22, 1, 10),
       (11, b'1', 3, 21, 1, 11),
       (12, b'1', 3, 22, 1, 11),
       (13, b'1', 3, 4, 1, 12),
       (14, b'1', 3, 2, 1, 13),
       (15, b'1', 3, 4, 1, 13),
       (16, b'1', 3, 47, 1, 14),
       (17, b'1', 3, 47, 1, 15),
       (18, b'1', 3, 48, 1, 15),
       (19, b'1', 7, 47, 1, 16),
       (20, b'1', 7, 48, 1, 16),
       (25, b'1', 3, 23, 1, 17),
       (28, b'1', 3, 3, 1, 17),
       (29, b'1', 3, 2, 1, 17),
       (63, b'1', 3, 2, 1, 19),
       (65, b'1', 3, 18, 1, 19),
       (66, b'1', 3, 48, 1, 19),
       (67, b'1', 3, 24, 1, 20),
       (69, b'1', 3, 48, 1, 21),
       (70, b'1', 3, 40, 1, 21),
       (71, b'1', 3, 19, 1, 22),
       (72, b'1', 3, 18, 1, 22),
       (73, b'0', 3, 2, 1, NULL),
       (74, b'0', 3, 3, 1, NULL);

-- --------------------------------------------------------

--
-- Table structure for table `category_table`
--

DROP TABLE IF EXISTS `category_table`;
CREATE TABLE IF NOT EXISTS `category_table`
(
    `id` int
(
    11
) NOT NULL AUTO_INCREMENT,
    `category_name` varchar
(
    255
) DEFAULT NULL,
    `status` bit
(
    1
) DEFAULT NULL,
    PRIMARY KEY
(
    `id`
)
    ) ENGINE=InnoDB AUTO_INCREMENT=9 DEFAULT CHARSET=latin1;

--
-- Dumping data for table `category_table`
--

INSERT INTO `category_table` (`id`, `category_name`, `status`)
VALUES (1, 'Food', b'1'),
       (2, 'Clothes', b'1'),
       (3, 'Accessories', b'1'),
       (4, 'Electronics', b'1'),
       (5, 'Home and Kitchen', b'1'),
       (6, 'Health and Personal Care', b'1'),
       (7, 'Sports and Fitness', b'1'),
       (8, 'Beauty', b'1');

-- --------------------------------------------------------

--
-- Table structure for table `checklist_table`
--

DROP TABLE IF EXISTS `checklist_table`;
CREATE TABLE IF NOT EXISTS `checklist_table`
(
    `id` int
(
    11
) NOT NULL AUTO_INCREMENT,
    `refill_approval_date` varchar
(
    255
) DEFAULT NULL,
    `checklist_status` varchar
(
    255
) DEFAULT NULL,
    `request_date` varchar
(
    255
) DEFAULT NULL,
    `request_quantity` int
(
    11
) DEFAULT NULL,
    `status` bit
(
    1
) DEFAULT NULL,
    `product_id` int
(
    11
) DEFAULT NULL,
    PRIMARY KEY
(
    `id`
),
    KEY `FKjcgskvma441rb9dnpwdgpp6px`
(
    `product_id`
)
    ) ENGINE=InnoDB AUTO_INCREMENT=3 DEFAULT CHARSET=latin1;

--
-- Dumping data for table `checklist_table`
--

INSERT INTO `checklist_table` (`id`, `refill_approval_date`, `checklist_status`, `request_date`, `request_quantity`,
                               `status`, `product_id`)
VALUES (1, '11/04/2020', 'Resolved', '11/04/2020', 12, b'1', 2),
       (2, '11/04/2020', 'Resolved', '11/04/2020', 10, b'1', 4);

-- --------------------------------------------------------

--
-- Table structure for table `city_table`
--

DROP TABLE IF EXISTS `city_table`;
CREATE TABLE IF NOT EXISTS `city_table`
(
    `id` int
(
    11
) NOT NULL AUTO_INCREMENT,
    `city_name` varchar
(
    255
) DEFAULT NULL,
    `status` bit
(
    1
) DEFAULT NULL,
    `stateVO` int
(
    11
) DEFAULT NULL,
    PRIMARY KEY
(
    `id`
),
    KEY `FKq0vvcky1ohfwwqcubbl7qflc6`
(
    `stateVO`
)
    ) ENGINE=InnoDB AUTO_INCREMENT=1514 DEFAULT CHARSET=latin1;

--
-- Dumping data for table `city_table`
--

INSERT INTO `city_table` (`id`, `city_name`, `status`, `stateVO`)
VALUES (268, 'Ahmedabad', b'1', 12),
       (634, 'Jaipur', b'1', 29),
       (761, 'Alipur', b'1', 1),
       (762, 'Andaman Island', b'1', 1),
       (763, 'Anderson Island', b'1', 1),
       (764, 'Arainj-Laka-Punga', b'1', 1),
       (765, 'Austinabad', b'1', 1),
       (766, 'Bamboo Flat', b'1', 1),
       (767, 'Barren Island', b'1', 1),
       (768, 'Beadonabad', b'1', 1),
       (769, 'Betapur', b'1', 1),
       (770, 'Bindraban', b'1', 1),
       (771, 'Bonington', b'1', 1),
       (772, 'Brookesabad', b'1', 1),
       (773, 'Cadell Point', b'1', 1),
       (774, 'Calicut', b'1', 1),
       (775, 'Chetamale', b'1', 1),
       (776, 'Cinque Islands', b'1', 1),
       (777, 'Defence Island', b'1', 1),
       (778, 'Digilpur', b'1', 1),
       (779, 'Dolyganj', b'1', 1),
       (780, 'Flat Island', b'1', 1),
       (781, 'Geinyale', b'1', 1),
       (782, 'Great Coco Island', b'1', 1),
       (783, 'Haddo', b'1', 1),
       (784, 'Havelock Island', b'1', 1),
       (785, 'Henry Lawrence Island', b'1', 1),
       (786, 'Herbertabad', b'1', 1),
       (787, 'Hobdaypur', b'1', 1),
       (788, 'Ilichar', b'1', 1),
       (789, 'Ingoie', b'1', 1),
       (790, 'Inteview Island', b'1', 1),
       (791, 'Jangli Ghat', b'1', 1),
       (792, 'Jhon Lawrence Island', b'1', 1),
       (793, 'Karen', b'1', 1),
       (794, 'Kartara', b'1', 1),
       (795, 'KYD Islannd', b'1', 1),
       (796, 'Landfall Island', b'1', 1),
       (797, 'Little Andmand', b'1', 1),
       (798, 'Little Coco Island', b'1', 1),
       (799, 'Long Island', b'1', 1),
       (800, 'Maimyo', b'1', 1),
       (801, 'Malappuram', b'1', 1),
       (802, 'Manglutan', b'1', 1),
       (803, 'Manpur', b'1', 1),
       (804, 'Mitha Khari', b'1', 1),
       (805, 'Neill Island', b'1', 1),
       (806, 'Nicobar Island', b'1', 1),
       (807, 'North Brother Island', b'1', 1),
       (808, 'North Passage Island', b'1', 1),
       (809, 'North Sentinel Island', b'1', 1),
       (810, 'Nothen Reef Island', b'1', 1),
       (811, 'Outram Island', b'1', 1),
       (812, 'Pahlagaon', b'1', 1),
       (813, 'Palalankwe', b'1', 1),
       (814, 'Passage Island', b'1', 1),
       (815, 'Phaiapong', b'1', 1),
       (816, 'Phoenix Island', b'1', 1),
       (817, 'Port Blair', b'1', 1),
       (818, 'Preparis Island', b'1', 1),
       (819, 'Protheroepur', b'1', 1),
       (820, 'Rangachang', b'1', 1),
       (821, 'Rongat', b'1', 1),
       (822, 'Rutland Island', b'1', 1),
       (823, 'Sabari', b'1', 1),
       (824, 'Saddle Peak', b'1', 1),
       (825, 'Shadipur', b'1', 1),
       (826, 'Smith Island', b'1', 1),
       (827, 'Sound Island', b'1', 1),
       (828, 'South Sentinel Island', b'1', 1),
       (829, 'Spike Island', b'1', 1),
       (830, 'Tarmugli Island', b'1', 1),
       (831, 'Taylerabad', b'1', 1),
       (832, 'Titaije', b'1', 1),
       (833, 'Toibalawe', b'1', 1),
       (834, 'Tusonabad', b'1', 1),
       (835, 'West Island', b'1', 1),
       (836, 'Wimberleyganj', b'1', 1),
       (837, 'Yadita', b'1', 1),
       (838, 'Adilabad', b'1', 2),
       (839, 'Anantapur', b'1', 2),
       (840, 'Chittoor', b'1', 2),
       (841, 'Cuddapah', b'1', 2),
       (842, 'East Godavari', b'1', 2),
       (843, 'Guntur', b'1', 2),
       (844, 'Hyderabad', b'1', 2),
       (845, 'Karimnagar', b'1', 2),
       (846, 'Khammam', b'1', 2),
       (847, 'Krishna', b'1', 2),
       (848, 'Kurnool', b'1', 2),
       (849, 'Mahabubnagar', b'1', 2),
       (850, 'Medak', b'1', 2),
       (851, 'Nalgonda', b'1', 2),
       (852, 'Nellore', b'1', 2),
       (853, 'Nizamabad', b'1', 2),
       (854, 'Prakasam', b'1', 2),
       (855, 'Rangareddy', b'1', 2),
       (856, 'Srikakulam', b'1', 2),
       (857, 'Visakhapatnam', b'1', 2),
       (858, 'Vizianagaram', b'1', 2),
       (859, 'Warangal', b'1', 2),
       (860, 'West Godavari', b'1', 2),
       (861, 'Anjaw', b'1', 3),
       (862, 'Changlang', b'1', 3),
       (863, 'Dibang Valley', b'1', 3),
       (864, 'East Kameng', b'1', 3),
       (865, 'East Siang', b'1', 3),
       (866, 'Itanagar', b'1', 3),
       (867, 'Kurung Kumey', b'1', 3),
       (868, 'Lohit', b'1', 3),
       (869, 'Lower Dibang Valley', b'1', 3),
       (870, 'Lower Subansiri', b'1', 3),
       (871, 'Papum Pare', b'1', 3),
       (872, 'Tawang', b'1', 3),
       (873, 'Tirap', b'1', 3),
       (874, 'Upper Siang', b'1', 3),
       (875, 'Upper Subansiri', b'1', 3),
       (876, 'West Kameng', b'1', 3),
       (877, 'West Siang', b'1', 3),
       (878, 'Barpeta', b'1', 4),
       (879, 'Bongaigaon', b'1', 4),
       (880, 'Cachar', b'1', 4),
       (881, 'Darrang', b'1', 4),
       (882, 'Dhemaji', b'1', 4),
       (883, 'Dhubri', b'1', 4),
       (884, 'Dibrugarh', b'1', 4),
       (885, 'Goalpara', b'1', 4),
       (886, 'Golaghat', b'1', 4),
       (887, 'Guwahati', b'1', 4),
       (888, 'Hailakandi', b'1', 4),
       (889, 'Jorhat', b'1', 4),
       (890, 'Kamrup', b'1', 4),
       (891, 'Karbi Anglong', b'1', 4),
       (892, 'Karimganj', b'1', 4),
       (893, 'Kokrajhar', b'1', 4),
       (894, 'Lakhimpur', b'1', 4),
       (895, 'Marigaon', b'1', 4),
       (896, 'Nagaon', b'1', 4),
       (897, 'Nalbari', b'1', 4),
       (898, 'North Cachar Hills', b'1', 4),
       (899, 'Silchar', b'1', 4),
       (900, 'Sivasagar', b'1', 4),
       (901, 'Sonitpur', b'1', 4),
       (902, 'Tinsukia', b'1', 4),
       (903, 'Udalguri', b'1', 4),
       (904, 'Araria', b'1', 5),
       (905, 'Aurangabad', b'1', 5),
       (906, 'Banka', b'1', 5),
       (907, 'Begusarai', b'1', 5),
       (908, 'Bhagalpur', b'1', 5),
       (909, 'Bhojpur', b'1', 5),
       (910, 'Buxar', b'1', 5),
       (911, 'Darbhanga', b'1', 5),
       (912, 'East Champaran', b'1', 5),
       (913, 'Gaya', b'1', 5),
       (914, 'Gopalganj', b'1', 5),
       (915, 'Jamshedpur', b'1', 5),
       (916, 'Jamui', b'1', 5),
       (917, 'Jehanabad', b'1', 5),
       (918, 'Kaimur (Bhabua)', b'1', 5),
       (919, 'Katihar', b'1', 5),
       (920, 'Khagaria', b'1', 5),
       (921, 'Kishanganj', b'1', 5),
       (922, 'Lakhisarai', b'1', 5),
       (923, 'Madhepura', b'1', 5),
       (924, 'Madhubani', b'1', 5),
       (925, 'Munger', b'1', 5),
       (926, 'Muzaffarpur', b'1', 5),
       (927, 'Nalanda', b'1', 5),
       (928, 'Nawada', b'1', 5),
       (929, 'Patna', b'1', 5),
       (930, 'Purnia', b'1', 5),
       (931, 'Rohtas', b'1', 5),
       (932, 'Saharsa', b'1', 5),
       (933, 'Samastipur', b'1', 5),
       (934, 'Saran', b'1', 5),
       (935, 'Sheikhpura', b'1', 5),
       (936, 'Sheohar', b'1', 5),
       (937, 'Sitamarhi', b'1', 5),
       (938, 'Siwan', b'1', 5),
       (939, 'Supaul', b'1', 5),
       (940, 'Vaishali', b'1', 5),
       (941, 'West Champaran', b'1', 5),
       (942, 'Chandigarh', b'1', 6),
       (943, 'Mani Marja', b'1', 6),
       (944, 'Bastar', b'1', 7),
       (945, 'Bhilai', b'1', 7),
       (946, 'Bijapur', b'1', 7),
       (947, 'Bilaspur', b'1', 7),
       (948, 'Dhamtari', b'1', 7),
       (949, 'Durg', b'1', 7),
       (950, 'Janjgir-Champa', b'1', 7),
       (951, 'Jashpur', b'1', 7),
       (952, 'Kabirdham-Kawardha', b'1', 7),
       (953, 'Korba', b'1', 7),
       (954, 'Korea', b'1', 7),
       (955, 'Mahasamund', b'1', 7),
       (956, 'Narayanpur', b'1', 7),
       (957, 'Norh Bastar-Kanker', b'1', 7),
       (958, 'Raigarh', b'1', 7),
       (959, 'Raipur', b'1', 7),
       (960, 'Rajnandgaon', b'1', 7),
       (961, 'South Bastar-Dantewada', b'1', 7),
       (962, 'Surguja', b'1', 7),
       (963, 'Brancavare', b'1', 8),
       (964, 'Dagasi', b'1', 8),
       (965, 'Daman', b'1', 8),
       (966, 'Diu', b'1', 8),
       (967, 'Magarvara', b'1', 8),
       (968, 'Nagwa', b'1', 8),
       (969, 'Pariali', b'1', 8),
       (970, 'Passo Covo', b'1', 8),
       (971, 'Central Delhi', b'1', 9),
       (972, 'East Delhi', b'1', 9),
       (973, 'New Delhi', b'1', 9),
       (974, 'North Delhi', b'1', 9),
       (975, 'North East Delhi', b'1', 9),
       (976, 'North West Delhi', b'1', 9),
       (977, 'Old Delhi', b'1', 9),
       (978, 'South Delhi', b'1', 9),
       (979, 'South West Delhi', b'1', 9),
       (980, 'West Delhi', b'1', 9),
       (981, 'Amal', b'1', 10),
       (982, 'Amli', b'1', 10),
       (983, 'Bedpa', b'1', 10),
       (984, 'Chikhli', b'1', 10),
       (985, 'Dadra & Nagar Haveli', b'1', 10),
       (986, 'Dahikhed', b'1', 10),
       (987, 'Dolara', b'1', 10),
       (988, 'Galonda', b'1', 10),
       (989, 'Kanadi', b'1', 10),
       (990, 'Karchond', b'1', 10),
       (991, 'Khadoli', b'1', 10),
       (992, 'Kharadpada', b'1', 10),
       (993, 'Kherabari', b'1', 10),
       (994, 'Kherdi', b'1', 10),
       (995, 'Kothar', b'1', 10),
       (996, 'Luari', b'1', 10),
       (997, 'Mashat', b'1', 10),
       (998, 'Rakholi', b'1', 10),
       (999, 'Rudana', b'1', 10),
       (1000, 'Saili', b'1', 10),
       (1001, 'Sili', b'1', 10),
       (1002, 'Silvassa', b'1', 10),
       (1003, 'Sindavni', b'1', 10),
       (1004, 'Udva', b'1', 10),
       (1005, 'Umbarkoi', b'1', 10),
       (1006, 'Vansda', b'1', 10),
       (1007, 'Vasona', b'1', 10),
       (1008, 'Velugam', b'1', 10),
       (1009, 'Canacona', b'1', 11),
       (1010, 'Candolim', b'1', 11),
       (1011, 'Chinchinim', b'1', 11),
       (1012, 'Cortalim', b'1', 11),
       (1013, 'Goa', b'1', 11),
       (1014, 'Jua', b'1', 11),
       (1015, 'Madgaon', b'1', 11),
       (1016, 'Mahem', b'1', 11),
       (1017, 'Mapuca', b'1', 11),
       (1018, 'Marmagao', b'1', 11),
       (1019, 'Panji', b'1', 11),
       (1020, 'Ponda', b'1', 11),
       (1021, 'Sanvordem', b'1', 11),
       (1022, 'Terekhol', b'1', 11),
       (1023, 'Amreli', b'1', 12),
       (1024, 'Anand', b'1', 12),
       (1025, 'Banaskantha', b'1', 12),
       (1026, 'Baroda', b'1', 12),
       (1027, 'Bharuch', b'1', 12),
       (1028, 'Bhavnagar', b'1', 12),
       (1029, 'Dahod', b'1', 12),
       (1030, 'Dang', b'1', 12),
       (1031, 'Dwarka', b'1', 12),
       (1032, 'Gandhinagar', b'1', 12),
       (1033, 'Jamnagar', b'1', 12),
       (1034, 'Junagadh', b'1', 12),
       (1035, 'Kheda', b'1', 12),
       (1036, 'Kutch', b'1', 12),
       (1037, 'Mehsana', b'1', 12),
       (1038, 'Nadiad', b'1', 12),
       (1039, 'Narmada', b'1', 12),
       (1040, 'Navsari', b'1', 12),
       (1041, 'Panchmahals', b'1', 12),
       (1042, 'Patan', b'1', 12),
       (1043, 'Porbandar', b'1', 12),
       (1044, 'Rajkot', b'1', 12),
       (1045, 'Sabarkantha', b'1', 12),
       (1046, 'Surat', b'1', 12),
       (1047, 'Surendranagar', b'1', 12),
       (1048, 'Vadodara', b'1', 12),
       (1049, 'Valsad', b'1', 12),
       (1050, 'Vapi', b'1', 12),
       (1051, 'Bilaspur', b'1', 13),
       (1052, 'Chamba', b'1', 13),
       (1053, 'Dalhousie', b'1', 13),
       (1054, 'Hamirpur', b'1', 13),
       (1055, 'Kangra', b'1', 13),
       (1056, 'Kinnaur', b'1', 13),
       (1057, 'Kullu', b'1', 13),
       (1058, 'Lahaul & Spiti', b'1', 13),
       (1059, 'Mandi', b'1', 13),
       (1060, 'Shimla', b'1', 13),
       (1061, 'Sirmaur', b'1', 13),
       (1062, 'Solan', b'1', 13),
       (1063, 'Una', b'1', 13),
       (1064, 'Ambala', b'1', 14),
       (1065, 'Bhiwani', b'1', 14),
       (1066, 'Faridabad', b'1', 14),
       (1067, 'Fatehabad', b'1', 14),
       (1068, 'Gurgaon', b'1', 14),
       (1069, 'Hisar', b'1', 14),
       (1070, 'Jhajjar', b'1', 14),
       (1071, 'Jind', b'1', 14),
       (1072, 'Kaithal', b'1', 14),
       (1073, 'Karnal', b'1', 14),
       (1074, 'Kurukshetra', b'1', 14),
       (1075, 'Mahendragarh', b'1', 14),
       (1076, 'Mewat', b'1', 14),
       (1077, 'Panchkula', b'1', 14),
       (1078, 'Panipat', b'1', 14),
       (1079, 'Rewari', b'1', 14),
       (1080, 'Rohtak', b'1', 14),
       (1081, 'Sirsa', b'1', 14),
       (1082, 'Sonipat', b'1', 14),
       (1083, 'Yamunanagar', b'1', 14),
       (1084, 'Anantnag', b'1', 15),
       (1085, 'Baramulla', b'1', 15),
       (1086, 'Budgam', b'1', 15),
       (1087, 'Doda', b'1', 15),
       (1088, 'Jammu', b'1', 15),
       (1089, 'Kargil', b'1', 15),
       (1090, 'Kathua', b'1', 15),
       (1091, 'Kupwara', b'1', 15),
       (1092, 'Leh', b'1', 15),
       (1093, 'Poonch', b'1', 15),
       (1094, 'Pulwama', b'1', 15),
       (1095, 'Rajauri', b'1', 15),
       (1096, 'Srinagar', b'1', 15),
       (1097, 'Udhampur', b'1', 15),
       (1098, 'Bokaro', b'1', 16),
       (1099, 'Chatra', b'1', 16),
       (1100, 'Deoghar', b'1', 16),
       (1101, 'Dhanbad', b'1', 16),
       (1102, 'Dumka', b'1', 16),
       (1103, 'East Singhbhum', b'1', 16),
       (1104, 'Garhwa', b'1', 16),
       (1105, 'Giridih', b'1', 16),
       (1106, 'Godda', b'1', 16),
       (1107, 'Gumla', b'1', 16),
       (1108, 'Hazaribag', b'1', 16),
       (1109, 'Jamtara', b'1', 16),
       (1110, 'Koderma', b'1', 16),
       (1111, 'Latehar', b'1', 16),
       (1112, 'Lohardaga', b'1', 16),
       (1113, 'Pakur', b'1', 16),
       (1114, 'Palamu', b'1', 16),
       (1115, 'Ranchi', b'1', 16),
       (1116, 'Sahibganj', b'1', 16),
       (1117, 'Seraikela', b'1', 16),
       (1118, 'Simdega', b'1', 16),
       (1119, 'West Singhbhum', b'1', 16),
       (1120, 'Alappuzha', b'1', 17),
       (1121, 'Alleppey', b'1', 17),
       (1122, 'Alwaye', b'1', 17),
       (1123, 'Ernakulam', b'1', 17),
       (1124, 'Idukki', b'1', 17),
       (1125, 'Kannur', b'1', 17),
       (1126, 'Kasargod', b'1', 17),
       (1127, 'Kochi', b'1', 17),
       (1128, 'Kollam', b'1', 17),
       (1129, 'Kottayam', b'1', 17),
       (1130, 'Kovalam', b'1', 17),
       (1131, 'Kozhikode', b'1', 17),
       (1132, 'Malappuram', b'1', 17),
       (1133, 'Palakkad', b'1', 17),
       (1134, 'Pathanamthitta', b'1', 17),
       (1135, 'Perumbavoor', b'1', 17),
       (1136, 'Thiruvananthapuram', b'1', 17),
       (1137, 'Thrissur', b'1', 17),
       (1138, 'Trichur', b'1', 17),
       (1139, 'Trivandrum', b'1', 17),
       (1140, 'Wayanad', b'1', 17),
       (1141, 'Bagalkot', b'1', 18),
       (1142, 'Bangalore', b'1', 18),
       (1143, 'Bangalore Rural', b'1', 18),
       (1144, 'Belgaum', b'1', 18),
       (1145, 'Bellary', b'1', 18),
       (1146, 'Bhatkal', b'1', 18),
       (1147, 'Bidar', b'1', 18),
       (1148, 'Bijapur', b'1', 18),
       (1149, 'Chamrajnagar', b'1', 18),
       (1150, 'Chickmagalur', b'1', 18),
       (1151, 'Chikballapur', b'1', 18),
       (1152, 'Chitradurga', b'1', 18),
       (1153, 'Dakshina Kannada', b'1', 18),
       (1154, 'Davanagere', b'1', 18),
       (1155, 'Dharwad', b'1', 18),
       (1156, 'Gadag', b'1', 18),
       (1157, 'Gulbarga', b'1', 18),
       (1158, 'Hampi', b'1', 18),
       (1159, 'Hassan', b'1', 18),
       (1160, 'Haveri', b'1', 18),
       (1161, 'Hospet', b'1', 18),
       (1162, 'Karwar', b'1', 18),
       (1163, 'Kodagu', b'1', 18),
       (1164, 'Kolar', b'1', 18),
       (1165, 'Koppal', b'1', 18),
       (1166, 'Madikeri', b'1', 18),
       (1167, 'Mandya', b'1', 18),
       (1168, 'Mangalore', b'1', 18),
       (1169, 'Manipal', b'1', 18),
       (1170, 'Mysore', b'1', 18),
       (1171, 'Raichur', b'1', 18),
       (1172, 'Shimoga', b'1', 18),
       (1173, 'Sirsi', b'1', 18),
       (1174, 'Sringeri', b'1', 18),
       (1175, 'Srirangapatna', b'1', 18),
       (1176, 'Tumkur', b'1', 18),
       (1177, 'Udupi', b'1', 18),
       (1178, 'Uttara Kannada', b'1', 18),
       (1179, 'Agatti Island', b'1', 19),
       (1180, 'Bingaram Island', b'1', 19),
       (1181, 'Bitra Island', b'1', 19),
       (1182, 'Chetlat Island', b'1', 19),
       (1183, 'Kadmat Island', b'1', 19),
       (1184, 'Kalpeni Island', b'1', 19),
       (1185, 'Kavaratti Island', b'1', 19),
       (1186, 'Kiltan Island', b'1', 19),
       (1187, 'Lakshadweep Sea', b'1', 19),
       (1188, 'Minicoy Island', b'1', 19),
       (1189, 'North Island', b'1', 19),
       (1190, 'South Island', b'1', 19),
       (1191, 'East Garo Hills', b'1', 20),
       (1192, 'East Khasi Hills', b'1', 20),
       (1193, 'Jaintia Hills', b'1', 20),
       (1194, 'Ri Bhoi', b'1', 20),
       (1195, 'Shillong', b'1', 20),
       (1196, 'South Garo Hills', b'1', 20),
       (1197, 'West Garo Hills', b'1', 20),
       (1198, 'West Khasi Hills', b'1', 20),
       (1199, 'Ahmednagar', b'1', 21),
       (1200, 'Akola', b'1', 21),
       (1201, 'Amravati', b'1', 21),
       (1202, 'Aurangabad', b'1', 21),
       (1203, 'Beed', b'1', 21),
       (1204, 'Bhandara', b'1', 21),
       (1205, 'Buldhana', b'1', 21),
       (1206, 'Chandrapur', b'1', 21),
       (1207, 'Dhule', b'1', 21),
       (1208, 'Gadchiroli', b'1', 21),
       (1209, 'Gondia', b'1', 21),
       (1210, 'Hingoli', b'1', 21),
       (1211, 'Jalgaon', b'1', 21),
       (1212, 'Jalna', b'1', 21),
       (1213, 'Kolhapur', b'1', 21),
       (1214, 'Latur', b'1', 21),
       (1215, 'Mahabaleshwar', b'1', 21),
       (1216, 'Mumbai', b'1', 21),
       (1217, 'Mumbai City', b'1', 21),
       (1218, 'Mumbai Suburban', b'1', 21),
       (1219, 'Nagpur', b'1', 21),
       (1220, 'Nanded', b'1', 21),
       (1221, 'Nandurbar', b'1', 21),
       (1222, 'Nashik', b'1', 21),
       (1223, 'Osmanabad', b'1', 21),
       (1224, 'Parbhani', b'1', 21),
       (1225, 'Pune', b'1', 21),
       (1226, 'Raigad', b'1', 21),
       (1227, 'Ratnagiri', b'1', 21),
       (1228, 'Sangli', b'1', 21),
       (1229, 'Satara', b'1', 21),
       (1230, 'Sholapur', b'1', 21),
       (1231, 'Sindhudurg', b'1', 21),
       (1232, 'Thane', b'1', 21),
       (1233, 'Wardha', b'1', 21),
       (1234, 'Washim', b'1', 21),
       (1235, 'Yavatmal', b'1', 21),
       (1236, 'Bishnupur', b'1', 22),
       (1237, 'Chandel', b'1', 22),
       (1238, 'Churachandpur', b'1', 22),
       (1239, 'Imphal East', b'1', 22),
       (1240, 'Imphal West', b'1', 22),
       (1241, 'Senapati', b'1', 22),
       (1242, 'Tamenglong', b'1', 22),
       (1243, 'Thoubal', b'1', 22),
       (1244, 'Ukhrul', b'1', 22),
       (1245, 'Anuppur', b'1', 23),
       (1246, 'Ashoknagar', b'1', 23),
       (1247, 'Balaghat', b'1', 23),
       (1248, 'Barwani', b'1', 23),
       (1249, 'Betul', b'1', 23),
       (1250, 'Bhind', b'1', 23),
       (1251, 'Bhopal', b'1', 23),
       (1252, 'Burhanpur', b'1', 23),
       (1253, 'Chhatarpur', b'1', 23),
       (1254, 'Chhindwara', b'1', 23),
       (1255, 'Damoh', b'1', 23),
       (1256, 'Datia', b'1', 23),
       (1257, 'Dewas', b'1', 23),
       (1258, 'Dhar', b'1', 23),
       (1259, 'Dindori', b'1', 23),
       (1260, 'Guna', b'1', 23),
       (1261, 'Gwalior', b'1', 23),
       (1262, 'Harda', b'1', 23),
       (1263, 'Hoshangabad', b'1', 23),
       (1264, 'Indore', b'1', 23),
       (1265, 'Jabalpur', b'1', 23),
       (1266, 'Jagdalpur', b'1', 23),
       (1267, 'Jhabua', b'1', 23),
       (1268, 'Katni', b'1', 23),
       (1269, 'Khandwa', b'1', 23),
       (1270, 'Khargone', b'1', 23),
       (1271, 'Mandla', b'1', 23),
       (1272, 'Mandsaur', b'1', 23),
       (1273, 'Morena', b'1', 23),
       (1274, 'Narsinghpur', b'1', 23),
       (1275, 'Neemuch', b'1', 23),
       (1276, 'Panna', b'1', 23),
       (1277, 'Raisen', b'1', 23),
       (1278, 'Rajgarh', b'1', 23),
       (1279, 'Ratlam', b'1', 23),
       (1280, 'Rewa', b'1', 23),
       (1281, 'Sagar', b'1', 23),
       (1282, 'Satna', b'1', 23),
       (1283, 'Sehore', b'1', 23),
       (1284, 'Seoni', b'1', 23),
       (1285, 'Shahdol', b'1', 23),
       (1286, 'Shajapur', b'1', 23),
       (1287, 'Sheopur', b'1', 23),
       (1288, 'Shivpuri', b'1', 23),
       (1289, 'Sidhi', b'1', 23),
       (1290, 'Tikamgarh', b'1', 23),
       (1291, 'Ujjain', b'1', 23),
       (1292, 'Umaria', b'1', 23),
       (1293, 'Vidisha', b'1', 23),
       (1294, 'Aizawl', b'1', 24),
       (1295, 'Champhai', b'1', 24),
       (1296, 'Kolasib', b'1', 24),
       (1297, 'Lawngtlai', b'1', 24),
       (1298, 'Lunglei', b'1', 24),
       (1299, 'Mamit', b'1', 24),
       (1300, 'Saiha', b'1', 24),
       (1301, 'Serchhip', b'1', 24),
       (1302, 'Dimapur', b'1', 25),
       (1303, 'Kohima', b'1', 25),
       (1304, 'Mokokchung', b'1', 25),
       (1305, 'Mon', b'1', 25),
       (1306, 'Phek', b'1', 25),
       (1307, 'Tuensang', b'1', 25),
       (1308, 'Wokha', b'1', 25),
       (1309, 'Zunheboto', b'1', 25),
       (1310, 'Angul', b'1', 26),
       (1311, 'Balangir', b'1', 26),
       (1312, 'Balasore', b'1', 26),
       (1313, 'Baleswar', b'1', 26),
       (1314, 'Bargarh', b'1', 26),
       (1315, 'Berhampur', b'1', 26),
       (1316, 'Bhadrak', b'1', 26),
       (1317, 'Bhubaneswar', b'1', 26),
       (1318, 'Boudh', b'1', 26),
       (1319, 'Cuttack', b'1', 26),
       (1320, 'Deogarh', b'1', 26),
       (1321, 'Dhenkanal', b'1', 26),
       (1322, 'Gajapati', b'1', 26),
       (1323, 'Ganjam', b'1', 26),
       (1324, 'Jagatsinghapur', b'1', 26),
       (1325, 'Jajpur', b'1', 26),
       (1326, 'Jharsuguda', b'1', 26),
       (1327, 'Kalahandi', b'1', 26),
       (1328, 'Kandhamal', b'1', 26),
       (1329, 'Kendrapara', b'1', 26),
       (1330, 'Kendujhar', b'1', 26),
       (1331, 'Khordha', b'1', 26),
       (1332, 'Koraput', b'1', 26),
       (1333, 'Malkangiri', b'1', 26),
       (1334, 'Mayurbhanj', b'1', 26),
       (1335, 'Nabarangapur', b'1', 26),
       (1336, 'Nayagarh', b'1', 26),
       (1337, 'Nuapada', b'1', 26),
       (1338, 'Puri', b'1', 26),
       (1339, 'Rayagada', b'1', 26),
       (1340, 'Rourkela', b'1', 26),
       (1341, 'Sambalpur', b'1', 26),
       (1342, 'Subarnapur', b'1', 26),
       (1343, 'Sundergarh', b'1', 26),
       (1344, 'Amritsar', b'1', 27),
       (1345, 'Barnala', b'1', 27),
       (1346, 'Bathinda', b'1', 27),
       (1347, 'Faridkot', b'1', 27),
       (1348, 'Fatehgarh Sahib', b'1', 27),
       (1349, 'Ferozepur', b'1', 27),
       (1350, 'Gurdaspur', b'1', 27),
       (1351, 'Hoshiarpur', b'1', 27),
       (1352, 'Jalandhar', b'1', 27),
       (1353, 'Kapurthala', b'1', 27),
       (1354, 'Ludhiana', b'1', 27),
       (1355, 'Mansa', b'1', 27),
       (1356, 'Moga', b'1', 27),
       (1357, 'Muktsar', b'1', 27),
       (1358, 'Nawanshahr', b'1', 27),
       (1359, 'Pathankot', b'1', 27),
       (1360, 'Patiala', b'1', 27),
       (1361, 'Rupnagar', b'1', 27),
       (1362, 'Sangrur', b'1', 27),
       (1363, 'SAS Nagar', b'1', 27),
       (1364, 'Tarn Taran', b'1', 27),
       (1365, 'Bahur', b'1', 28),
       (1366, 'Karaikal', b'1', 28),
       (1367, 'Mahe', b'1', 28),
       (1368, 'Pondicherry', b'1', 28),
       (1369, 'Purnankuppam', b'1', 28),
       (1370, 'Valudavur', b'1', 28),
       (1371, 'Villianur', b'1', 28),
       (1372, 'Yanam', b'1', 28),
       (1373, 'Ajmer', b'1', 29),
       (1374, 'Alwar', b'1', 29),
       (1375, 'Banswara', b'1', 29),
       (1376, 'Baran', b'1', 29),
       (1377, 'Barmer', b'1', 29),
       (1378, 'Bharatpur', b'1', 29),
       (1379, 'Bhilwara', b'1', 29),
       (1380, 'Bikaner', b'1', 29),
       (1381, 'Bundi', b'1', 29),
       (1382, 'Chittorgarh', b'1', 29),
       (1383, 'Churu', b'1', 29),
       (1384, 'Dausa', b'1', 29),
       (1385, 'Dholpur', b'1', 29),
       (1386, 'Dungarpur', b'1', 29),
       (1387, 'Hanumangarh', b'1', 29),
       (1388, 'Jaisalmer', b'1', 29),
       (1389, 'Jalore', b'1', 29),
       (1390, 'Jhalawar', b'1', 29),
       (1391, 'Jhunjhunu', b'1', 29),
       (1392, 'Jodhpur', b'1', 29),
       (1393, 'Karauli', b'1', 29),
       (1394, 'Kota', b'1', 29),
       (1395, 'Nagaur', b'1', 29),
       (1396, 'Pali', b'1', 29),
       (1397, 'Pilani', b'1', 29),
       (1398, 'Rajsamand', b'1', 29),
       (1399, 'Sawai Madhopur', b'1', 29),
       (1400, 'Sikar', b'1', 29),
       (1401, 'Sirohi', b'1', 29),
       (1402, 'Sri Ganganagar', b'1', 29),
       (1403, 'Tonk', b'1', 29),
       (1404, 'Udaipur', b'1', 29),
       (1405, 'Barmiak', b'1', 30),
       (1406, 'Be', b'1', 30),
       (1407, 'Bhurtuk', b'1', 30),
       (1408, 'Chhubakha', b'1', 30),
       (1409, 'Chidam', b'1', 30),
       (1410, 'Chubha', b'1', 30),
       (1411, 'Chumikteng', b'1', 30),
       (1412, 'Dentam', b'1', 30),
       (1413, 'Dikchu', b'1', 30),
       (1414, 'Dzongri', b'1', 30),
       (1415, 'Gangtok', b'1', 30),
       (1416, 'Gauzing', b'1', 30),
       (1417, 'Gyalshing', b'1', 30),
       (1418, 'Hema', b'1', 30),
       (1419, 'Kerung', b'1', 30),
       (1420, 'Lachen', b'1', 30),
       (1421, 'Lachung', b'1', 30),
       (1422, 'Lema', b'1', 30),
       (1423, 'Lingtam', b'1', 30),
       (1424, 'Lungthu', b'1', 30),
       (1425, 'Mangan', b'1', 30),
       (1426, 'Namchi', b'1', 30),
       (1427, 'Namthang', b'1', 30),
       (1428, 'Nanga', b'1', 30),
       (1429, 'Nantang', b'1', 30),
       (1430, 'Naya Bazar', b'1', 30),
       (1431, 'Padamachen', b'1', 30),
       (1432, 'Pakhyong', b'1', 30),
       (1433, 'Pemayangtse', b'1', 30),
       (1434, 'Phensang', b'1', 30),
       (1435, 'Rangli', b'1', 30),
       (1436, 'Rinchingpong', b'1', 30),
       (1437, 'Sakyong', b'1', 30),
       (1438, 'Samdong', b'1', 30),
       (1439, 'Singtam', b'1', 30),
       (1440, 'Siniolchu', b'1', 30),
       (1441, 'Sombari', b'1', 30),
       (1442, 'Soreng', b'1', 30),
       (1443, 'Sosing', b'1', 30),
       (1444, 'Tekhug', b'1', 30),
       (1445, 'Temi', b'1', 30),
       (1446, 'Tsetang', b'1', 30),
       (1447, 'Tsomgo', b'1', 30),
       (1448, 'Tumlong', b'1', 30),
       (1449, 'Yangang', b'1', 30),
       (1450, 'Yumtang', b'1', 30),
       (1451, 'Chennai', b'1', 31),
       (1452, 'Chidambaram', b'1', 31),
       (1453, 'Chingleput', b'1', 31),
       (1454, 'Coimbatore', b'1', 31),
       (1455, 'Courtallam', b'1', 31),
       (1456, 'Cuddalore', b'1', 31),
       (1457, 'Dharmapuri', b'1', 31),
       (1458, 'Dindigul', b'1', 31),
       (1459, 'Erode', b'1', 31),
       (1460, 'Hosur', b'1', 31),
       (1461, 'Kanchipuram', b'1', 31),
       (1462, 'Kanyakumari', b'1', 31),
       (1463, 'Karaikudi', b'1', 31),
       (1464, 'Karur', b'1', 31),
       (1465, 'Kodaikanal', b'1', 31),
       (1466, 'Kovilpatti', b'1', 31),
       (1467, 'Krishnagiri', b'1', 31),
       (1468, 'Kumbakonam', b'1', 31),
       (1469, 'Madurai', b'1', 31),
       (1470, 'Mayiladuthurai', b'1', 31),
       (1471, 'Nagapattinam', b'1', 31),
       (1472, 'Nagarcoil', b'1', 31),
       (1473, 'Namakkal', b'1', 31),
       (1474, 'Neyveli', b'1', 31),
       (1475, 'Nilgiris', b'1', 31),
       (1476, 'Ooty', b'1', 31),
       (1477, 'Palani', b'1', 31),
       (1478, 'Perambalur', b'1', 31),
       (1479, 'Pollachi', b'1', 31),
       (1480, 'Pudukkottai', b'1', 31),
       (1481, 'Rajapalayam', b'1', 31),
       (1482, 'Ramanathapuram', b'1', 31),
       (1483, 'Salem', b'1', 31),
       (1484, 'Sivaganga', b'1', 31),
       (1485, 'Sivakasi', b'1', 31),
       (1486, 'Thanjavur', b'1', 31),
       (1487, 'Theni', b'1', 31),
       (1488, 'Thoothukudi', b'1', 31),
       (1489, 'Tiruchirappalli', b'1', 31),
       (1490, 'Tirunelveli', b'1', 31),
       (1491, 'Tirupur', b'1', 31),
       (1492, 'Tiruvallur', b'1', 31),
       (1493, 'Tiruvannamalai', b'1', 31),
       (1494, 'Tiruvarur', b'1', 31),
       (1495, 'Trichy', b'1', 31),
       (1496, 'Tuticorin', b'1', 31),
       (1497, 'Vellore', b'1', 31),
       (1498, 'Villupuram', b'1', 31),
       (1499, 'Virudhunagar', b'1', 31),
       (1500, 'Yercaud', b'1', 31),
       (1501, 'Agartala', b'1', 32),
       (1502, 'Ambasa', b'1', 32),
       (1503, 'Bampurbari', b'1', 32),
       (1504, 'Belonia', b'1', 32),
       (1505, 'Dhalai', b'1', 32),
       (1506, 'Dharam Nagar', b'1', 32),
       (1507, 'Kailashahar', b'1', 32),
       (1508, 'Kamal Krishnabari', b'1', 32),
       (1509, 'Khopaiyapara', b'1', 32),
       (1510, 'Khowai', b'1', 32),
       (1511, 'Phuldungsei', b'1', 32),
       (1512, 'Radha Kishore Pur', b'1', 32),
       (1513, 'Tripura', b'1', 32);

-- --------------------------------------------------------

--
-- Table structure for table `complain_table`
--

DROP TABLE IF EXISTS `complain_table`;
CREATE TABLE IF NOT EXISTS `complain_table`
(
    `id` int
(
    11
) NOT NULL AUTO_INCREMENT,
    `complain_date` varchar
(
    255
) DEFAULT NULL,
    `complain_description` varchar
(
    255
) DEFAULT NULL,
    `complain_status` varchar
(
    255
) DEFAULT NULL,
    `complain_subject` varchar
(
    255
) DEFAULT NULL,
    `file_name` varchar
(
    255
) DEFAULT NULL,
    `file_path` varchar
(
    255
) DEFAULT NULL,
    `reply` varchar
(
    255
) DEFAULT NULL,
    `replyDate` varchar
(
    255
) DEFAULT NULL,
    `status` bit
(
    1
) DEFAULT NULL,
    `login_id` int
(
    11
) DEFAULT NULL,
    PRIMARY KEY
(
    `id`
),
    KEY `FK71b3vdsauu82fion5tcbcgwws`
(
    `login_id`
)
    ) ENGINE=InnoDB AUTO_INCREMENT=2 DEFAULT CHARSET=latin1;

--
-- Dumping data for table `complain_table`
--

INSERT INTO `complain_table` (`id`, `complain_date`, `complain_description`, `complain_status`, `complain_subject`,
                              `file_name`, `file_path`, `reply`, `replyDate`, `status`, `login_id`)
VALUES (1, '11/02/2020', 'it is not upto mark', 'Pending', 'accuracy', NULL, NULL, NULL, NULL, b'1', 2);

-- --------------------------------------------------------

--
-- Table structure for table `feedback_table`
--

DROP TABLE IF EXISTS `feedback_table`;
CREATE TABLE IF NOT EXISTS `feedback_table`
(
    `id` int
(
    11
) NOT NULL AUTO_INCREMENT,
    `feedback` varchar
(
    255
) DEFAULT NULL,
    `rating` int
(
    11
) DEFAULT NULL,
    `status` bit
(
    1
) DEFAULT NULL,
    `login_id` int
(
    11
) DEFAULT NULL,
    PRIMARY KEY
(
    `id`
),
    KEY `FK2e444apdm6ih3pfkgik75y5ff`
(
    `login_id`
)
    ) ENGINE=InnoDB AUTO_INCREMENT=5 DEFAULT CHARSET=latin1;

--
-- Dumping data for table `feedback_table`
--

INSERT INTO `feedback_table` (`id`, `feedback`, `rating`, `status`, `login_id`)
VALUES (1, 'sfdfgfhj', 0, b'1', 3),
       (2, 'Good Website', 5, b'1', 3),
       (3, 'Quality Products', 4, b'1', 3),
       (4, 'Easy and fast checkout experience', 5, b'1', 3);

-- --------------------------------------------------------

--
-- Table structure for table `hibernate_sequence`
--

DROP TABLE IF EXISTS `hibernate_sequence`;
CREATE TABLE IF NOT EXISTS `hibernate_sequence`
(
    `next_val` bigint
(
    20
) DEFAULT NULL
    ) ENGINE=InnoDB DEFAULT CHARSET=latin1;

--
-- Dumping data for table `hibernate_sequence`
--

INSERT INTO `hibernate_sequence` (`next_val`)
VALUES (9);

-- --------------------------------------------------------

--
-- Table structure for table `login_table`
--

DROP TABLE IF EXISTS `login_table`;
CREATE TABLE IF NOT EXISTS `login_table`
(
    `loginId` int
(
    11
) NOT NULL AUTO_INCREMENT,
    `enabled` varchar
(
    255
) DEFAULT NULL,
    `password` varchar
(
    255
) DEFAULT NULL,
    `role` varchar
(
    255
) DEFAULT NULL,
    `status` bit
(
    1
) DEFAULT NULL,
    `username` varchar
(
    255
) DEFAULT NULL,
    PRIMARY KEY
(
    `loginId`
)
    ) ENGINE=InnoDB AUTO_INCREMENT=15 DEFAULT CHARSET=latin1;

--
-- Dumping data for table `login_table`
--

INSERT INTO `login_table` (`loginId`, `enabled`, `password`, `role`, `status`, `username`)
VALUES (1, '1', '$2a$10$lB46TIX21Gw5wNp053BO5eaJeZ/JdLh.iDP0e/BLhVuPBmOnbqH4K', 'ROLE_MALL', b'1', 'mall@gmail.com'),
       (2, '1', '$2a$10$TYW9/zUZn.pdb82CY5FJdu9jv.Mi873IykbWzyW6yOiXgMLFZYANm', 'ROLE_BRANCH', b'1',
        'branch@gmail.com'),
       (3, '1', '$2a$10$ybVGawU/FdwObsFqIktAVukC5s476unZsMVAuCTrPchKu/udS2kj6', 'ROLE_USER', b'1',
        'tanayshah@gmail.com'),
       (7, '1', '$2a$10$iZtTgecls5V8W/6VJi3tBuIIQB0gQiFukRFCBzilhmid7D7wwLzDm', 'ROLE_USER', b'1',
        'ritushah825@gmail.com'),
       (8, '1', '$2a$10$WNAguLbVt5k6f57pzDUL8.QGv8GUpaoPidATyAZbUFdR80PKNoafq', 'ROLE_USER', b'1', '7harshy@gmail.com'),
       (10, '1', '$2a$10$lB46TIX21Gw5wNp053BO5eaJeZ/JdLh.iDP0e/BLhVuPBmOnbqH4K', 'ROLE_USER', b'1',
        'mall_tanay@swaap.in'),
       (11, '1', '$2a$10$ybVGawU/FdwObsFqIktAVukC5s476unZsMVAuCTrPchKu/udS2kj6', 'ROLE_USER', b'1',
        'user_tanay@gmail.com'),
       (12, '1', '$2a$10$TYW9/zUZn.pdb82CY5FJdu9jv.Mi873IykbWzyW6yOiXgMLFZYANm', 'ROLE_USER', b'1',
        'branch_tanay@gmail.com'),
       (14, '1', '$2a$10$WNAguLbVt5k6f57pzDUL8.QGv8GUpaoPidATyAZbUFdR80PKNoafq', 'ROLE_USER', b'1', 'tanayu@gmail.com');

-- --------------------------------------------------------

--
-- Table structure for table `offer_table`
--

DROP TABLE IF EXISTS `offer_table`;
CREATE TABLE IF NOT EXISTS `offer_table`
(
    `id` int
(
    11
) NOT NULL AUTO_INCREMENT,
    `discount_percent` varchar
(
    255
) DEFAULT NULL,
    `offer_name` varchar
(
    255
) DEFAULT NULL,
    `offer_valid_from` varchar
(
    255
) DEFAULT NULL,
    `offer_valid_till` varchar
(
    255
) DEFAULT NULL,
    `status` bit
(
    1
) DEFAULT NULL,
    `categoryVO` int
(
    11
) DEFAULT NULL,
    `productVO` int
(
    11
) DEFAULT NULL,
    `subCategoryVO` int
(
    11
) DEFAULT NULL,
    PRIMARY KEY
(
    `id`
),
    KEY `FKknds2vfi44seqh9nqcbkavdag`
(
    `categoryVO`
),
    KEY `FKcrn53ybdgemv5wlcgb8i7d9e6`
(
    `productVO`
),
    KEY `FKn0lf8ceodyo1f7252gfo1der8`
(
    `subCategoryVO`
)
    ) ENGINE=InnoDB AUTO_INCREMENT=2 DEFAULT CHARSET=latin1;

--
-- Dumping data for table `offer_table`
--

INSERT INTO `offer_table` (`id`, `discount_percent`, `offer_name`, `offer_valid_from`, `offer_valid_till`, `status`,
                           `categoryVO`, `productVO`, `subCategoryVO`)
VALUES (1, '10', 'paryshan sale', '02/27/2020', '02/29/2020', b'1', 1, NULL, NULL);

-- --------------------------------------------------------

--
-- Table structure for table `order_table`
--

DROP TABLE IF EXISTS `order_table`;
CREATE TABLE IF NOT EXISTS `order_table`
(
    `id` int
(
    11
) NOT NULL AUTO_INCREMENT,
    `purchase_date` varchar
(
    255
) DEFAULT NULL,
    `total_amount` int
(
    11
) DEFAULT NULL,
    `login_id` int
(
    11
) DEFAULT NULL,
    `payment_gateway` varchar
(
    255
) DEFAULT NULL,
    `payment_mode` varchar
(
    255
) DEFAULT NULL,
    `txn_id` varchar
(
    255
) DEFAULT NULL,
    `branch_id` int
(
    11
) DEFAULT NULL,
    PRIMARY KEY
(
    `id`
),
    KEY `FK8k5bknj77oyuuexggqumnsmu0`
(
    `login_id`
),
    KEY `FK1gvo496u58l9mgfikuuex70qt`
(
    `branch_id`
)
    ) ENGINE=InnoDB AUTO_INCREMENT=23 DEFAULT CHARSET=latin1;

--
-- Dumping data for table `order_table`
--

INSERT INTO `order_table` (`id`, `purchase_date`, `total_amount`, `login_id`, `payment_gateway`, `payment_mode`,
                           `txn_id`, `branch_id`)
VALUES (1, '12/03/2020', 20, 3, NULL, NULL, NULL, NULL),
       (2, '12/03/2020', 0, 3, NULL, NULL, NULL, NULL),
       (3, '12/03/2020', 30, 3, NULL, NULL, NULL, NULL),
       (4, '12/03/2020', 40, 3, NULL, NULL, NULL, NULL),
       (5, '05/04/2020', 100, 3, NULL, NULL, NULL, NULL),
       (6, '05/04/2020', 500, 3, NULL, NULL, NULL, NULL),
       (7, '07/04/2020', 609, 3, NULL, NULL, NULL, NULL),
       (8, '07/04/2020', 10, 3, NULL, NULL, NULL, NULL),
       (9, '07/04/2020', 299, 3, NULL, NULL, NULL, NULL),
       (10, '07/04/2020', 499, 3, NULL, NULL, NULL, NULL),
       (11, '07/04/2020', 898, 3, NULL, NULL, NULL, NULL),
       (12, '07/04/2020', 10, 3, NULL, NULL, NULL, NULL),
       (13, '07/04/2020', 20, 3, NULL, NULL, NULL, NULL),
       (14, '07/04/2020', 2500, 3, NULL, NULL, NULL, NULL),
       (15, '07/04/2020', 3300, 3, NULL, NULL, NULL, NULL),
       (16, '07/04/2020', 3300, 7, NULL, NULL, NULL, NULL),
       (17, '12/04/2020', 329, 3, NULL, NULL, NULL, NULL),
       (19, '14/04/2020', 1139, 3, NULL, NULL, NULL, NULL),
       (20, '19/04/2020', 60, 3, NULL, NULL, NULL, NULL),
       (21, '19/04/2020', 2000, 3, 'SBI', 'NB', '20200419111212800110168820201467097', NULL),
       (22, '19/04/2020', 928, 3, 'SBI', 'NB', '20200419111212800110168015201458219', NULL);

-- --------------------------------------------------------

--
-- Table structure for table `product_count`
--

DROP TABLE IF EXISTS `product_count`;
CREATE TABLE IF NOT EXISTS `product_count`
(
    `id` int
(
    11
) NOT NULL AUTO_INCREMENT,
    `date` varchar
(
    255
) DEFAULT NULL,
    `frequency` int
(
    11
) DEFAULT NULL,
    `productvo` int
(
    11
) DEFAULT NULL,
    PRIMARY KEY
(
    `id`
),
    KEY `FK7r2r0ae7hfbq0rnh5ajmga8iu`
(
    `productvo`
)
    ) ENGINE=InnoDB AUTO_INCREMENT=2263 DEFAULT CHARSET=latin1;

--
-- Dumping data for table `product_count`
--

INSERT INTO `product_count` (`id`, `date`, `frequency`, `productvo`)
VALUES (1, '07/04/2020', 2, 22),
       (3, '07/04/2020', 2, 4),
       (5, '07/04/2020', 3, 47),
       (6, '07/04/2020', 2, 48),
       (7, '06/04/2020', 10, 24),
       (9, '24/09/2020', 11, 16),
       (10, '08/09/2020', 5, 51),
       (11, '28/01/2020', 10, 33),
       (12, '12/09/2020', 23, 42),
       (13, '16/09/2020', 18, 22),
       (14, '10/12/2020', 6, 20),
       (15, '27/06/2020', 26, 52),
       (16, '23/02/2020', 25, 12),
       (17, '11/09/2020', 12, 43),
       (18, '09/12/2020', 12, 34),
       (19, '01/04/2020', 11, 10),
       (20, '14/01/2020', 10, 29),
       (21, '24/08/2020', 11, 40),
       (22, '03/02/2020', 13, 51),
       (23, '13/03/2020', 11, 48),
       (24, '22/08/2020', 19, 39),
       (25, '13/01/2020', 20, 44),
       (26, '04/06/2020', 23, 13),
       (27, '09/09/2020', 10, 8),
       (28, '03/06/2020', 7, 33),
       (29, '12/03/2020', 21, 30),
       (30, '04/07/2020', 13, 12),
       (31, '16/05/2020', 22, 22),
       (32, '06/09/2020', 6, 34),
       (33, '21/11/2020', 7, 38),
       (34, '01/05/2020', 27, 5),
       (35, '27/09/2020', 13, 32),
       (36, '28/03/2020', 25, 9),
       (37, '12/01/2020', 9, 48),
       (38, '02/09/2020', 25, 42),
       (39, '20/11/2020', 21, 35),
       (40, '24/04/2020', 20, 19),
       (41, '26/07/2020', 4, 32),
       (42, '09/12/2020', 25, 15),
       (43, '21/11/2020', 24, 4),
       (44, '12/06/2020', 18, 34),
       (45, '12/07/2020', 18, 46),
       (46, '21/01/2020', 6, 32),
       (47, '08/06/2020', 10, 36),
       (48, '19/11/2020', 17, 23),
       (49, '22/12/2020', 23, 26),
       (50, '03/06/2020', 17, 22),
       (51, '02/03/2020', 14, 52),
       (52, '07/10/2020', 12, 38),
       (53, '16/12/2020', 9, 48),
       (54, '20/07/2020', 20, 41),
       (55, '22/09/2020', 8, 44),
       (56, '28/04/2020', 21, 36),
       (57, '03/10/2020', 20, 34),
       (58, '08/12/2020', 26, 52),
       (59, '18/06/2020', 3, 50),
       (60, '11/06/2020', 8, 7),
       (61, '12/08/2020', 3, 49),
       (62, '08/06/2020', 26, 9),
       (63, '13/12/2020', 19, 35),
       (64, '15/09/2020', 22, 32),
       (65, '07/06/2020', 6, 17),
       (66, '04/07/2020', 18, 5),
       (67, '05/11/2020', 27, 25),
       (68, '25/07/2020', 7, 6),
       (69, '13/04/2020', 17, 12),
       (70, '04/04/2020', 11, 15),
       (71, '09/04/2020', 3, 45),
       (72, '23/04/2020', 20, 21),
       (73, '09/07/2020', 22, 14),
       (74, '14/01/2020', 21, 12),
       (75, '14/11/2020', 10, 27),
       (76, '08/06/2020', 11, 13),
       (77, '13/12/2020', 13, 13),
       (78, '21/04/2020', 27, 44),
       (79, '26/12/2020', 15, 35),
       (80, '04/10/2020', 26, 9),
       (81, '25/05/2020', 21, 12),
       (82, '06/03/2020', 13, 18),
       (83, '19/04/2020', 5, 25),
       (84, '01/09/2020', 16, 45),
       (85, '05/06/2020', 5, 2),
       (86, '06/01/2020', 8, 38),
       (87, '12/05/2020', 17, 47),
       (88, '07/07/2020', 26, 49),
       (89, '14/05/2020', 26, 4),
       (90, '25/01/2020', 9, 30),
       (91, '23/01/2020', 21, 30),
       (92, '03/05/2020', 19, 7),
       (93, '25/12/2020', 7, 27),
       (94, '16/09/2020', 25, 17),
       (95, '03/02/2020', 19, 41),
       (96, '20/03/2020', 5, 52),
       (97, '14/06/2020', 10, 45),
       (98, '23/07/2020', 7, 12),
       (99, '18/12/2020', 13, 12),
       (100, '12/02/2020', 19, 9),
       (101, '14/10/2020', 13, 35),
       (102, '11/02/2020', 12, 3),
       (103, '07/04/2020', 17, 8),
       (104, '26/10/2020', 20, 29),
       (105, '16/01/2020', 9, 40),
       (106, '27/01/2020', 25, 16),
       (107, '08/01/2020', 25, 20),
       (108, '12/12/2020', 25, 35),
       (109, '18/07/2020', 5, 45),
       (110, '17/01/2020', 10, 12),
       (111, '16/10/2020', 6, 10),
       (112, '26/12/2020', 14, 52),
       (113, '12/09/2020', 10, 13),
       (114, '26/06/2020', 18, 16),
       (115, '01/04/2020', 3, 28),
       (116, '04/07/2020', 16, 21),
       (117, '11/11/2020', 25, 16),
       (118, '25/06/2020', 20, 2),
       (119, '10/08/2020', 11, 42),
       (120, '15/09/2020', 18, 45),
       (121, '06/07/2020', 20, 4),
       (122, '15/04/2020', 23, 22),
       (123, '17/10/2020', 17, 11),
       (124, '16/06/2020', 20, 26),
       (125, '07/11/2020', 18, 45),
       (126, '01/05/2020', 12, 18),
       (127, '25/11/2020', 10, 17),
       (128, '18/09/2020', 21, 8),
       (129, '06/06/2020', 12, 11),
       (130, '11/09/2020', 23, 26),
       (131, '24/11/2020', 27, 8),
       (132, '11/07/2020', 14, 43),
       (133, '19/02/2020', 9, 26),
       (134, '05/06/2020', 14, 5),
       (135, '21/02/2020', 23, 42),
       (136, '06/03/2020', 25, 12),
       (137, '20/02/2020', 8, 30),
       (138, '17/03/2020', 6, 5),
       (139, '06/02/2020', 12, 42),
       (140, '13/04/2020', 25, 18),
       (141, '04/09/2020', 15, 44),
       (142, '26/09/2020', 22, 10),
       (143, '14/01/2020', 16, 24),
       (144, '24/01/2020', 7, 45),
       (145, '24/04/2020', 6, 24),
       (146, '14/08/2020', 26, 52),
       (147, '08/03/2020', 21, 7),
       (148, '07/11/2020', 16, 4),
       (149, '25/07/2020', 27, 36),
       (150, '24/06/2020', 17, 18),
       (151, '24/05/2020', 27, 21),
       (152, '27/01/2020', 9, 19),
       (153, '02/11/2020', 7, 52),
       (154, '13/05/2020', 24, 10),
       (155, '20/02/2020', 9, 48),
       (156, '05/06/2020', 10, 18),
       (157, '09/08/2020', 6, 18),
       (158, '22/09/2020', 6, 19),
       (159, '03/01/2020', 15, 31),
       (160, '16/04/2020', 27, 49),
       (161, '18/08/2020', 14, 15),
       (162, '15/03/2020', 9, 47),
       (163, '27/01/2020', 10, 23),
       (164, '22/10/2020', 27, 16),
       (165, '26/05/2020', 8, 5),
       (166, '05/05/2020', 9, 28),
       (167, '28/02/2020', 25, 7),
       (168, '22/11/2020', 7, 31),
       (169, '16/06/2020', 15, 48),
       (170, '12/12/2020', 20, 47),
       (171, '25/05/2020', 12, 51),
       (172, '27/12/2020', 8, 38),
       (173, '10/05/2020', 15, 52),
       (174, '20/04/2020', 19, 20),
       (175, '17/11/2020', 21, 14),
       (176, '26/04/2020', 7, 32),
       (177, '28/05/2020', 26, 20),
       (178, '14/09/2020', 22, 43),
       (179, '27/12/2020', 22, 38),
       (180, '11/10/2020', 9, 7),
       (181, '03/04/2020', 13, 41),
       (182, '08/12/2020', 6, 2),
       (183, '27/01/2020', 6, 12),
       (184, '16/04/2020', 12, 45),
       (185, '15/06/2020', 7, 8),
       (186, '24/01/2020', 16, 27),
       (187, '11/09/2020', 3, 14),
       (188, '18/05/2020', 9, 13),
       (189, '24/11/2020', 13, 49),
       (190, '08/03/2020', 10, 17),
       (191, '26/11/2020', 26, 36),
       (192, '27/03/2020', 16, 35),
       (193, '07/08/2020', 15, 38),
       (194, '16/02/2020', 24, 13),
       (195, '22/01/2020', 27, 4),
       (196, '26/12/2020', 20, 29),
       (197, '12/06/2020', 18, 28),
       (198, '25/03/2020', 27, 43),
       (199, '19/01/2020', 16, 40),
       (200, '15/08/2020', 10, 51),
       (201, '09/07/2020', 7, 5),
       (202, '14/07/2020', 9, 11),
       (203, '25/11/2020', 7, 19),
       (204, '04/09/2020', 18, 10),
       (205, '05/04/2020', 4, 44),
       (206, '18/05/2020', 13, 20),
       (207, '24/08/2020', 23, 48),
       (208, '17/05/2020', 5, 45),
       (209, '11/09/2020', 14, 51),
       (210, '21/05/2020', 11, 50),
       (211, '05/11/2020', 13, 20),
       (212, '20/05/2020', 18, 25),
       (213, '07/01/2020', 24, 24),
       (214, '04/05/2020', 13, 7),
       (215, '25/12/2020', 13, 43),
       (216, '10/02/2020', 25, 16),
       (217, '24/12/2020', 3, 42),
       (218, '20/10/2020', 18, 14),
       (219, '26/10/2020', 7, 34),
       (220, '12/01/2020', 26, 23),
       (221, '02/10/2020', 15, 4),
       (222, '08/07/2020', 10, 34),
       (223, '22/05/2020', 4, 23),
       (224, '20/08/2020', 5, 4),
       (225, '15/03/2020', 25, 24),
       (226, '13/10/2020', 4, 24),
       (227, '01/01/2020', 10, 41),
       (228, '02/06/2020', 15, 13),
       (229, '06/04/2020', 26, 40),
       (230, '22/02/2020', 3, 46),
       (231, '09/07/2020', 7, 22),
       (232, '26/12/2020', 23, 20),
       (233, '16/05/2020', 12, 22),
       (234, '02/05/2020', 10, 11),
       (235, '28/04/2020', 27, 43),
       (236, '09/03/2020', 13, 21),
       (237, '05/10/2020', 18, 6),
       (238, '03/07/2020', 15, 3),
       (239, '05/12/2020', 5, 48),
       (240, '28/07/2020', 3, 51),
       (241, '12/01/2020', 20, 41),
       (242, '23/08/2020', 21, 6),
       (243, '26/03/2020', 25, 35),
       (244, '14/05/2020', 19, 48),
       (245, '13/02/2020', 24, 44),
       (246, '18/02/2020', 21, 13),
       (247, '06/10/2020', 9, 45),
       (248, '13/04/2020', 5, 23),
       (249, '09/09/2020', 4, 32),
       (250, '10/11/2020', 9, 22),
       (251, '07/02/2020', 25, 44),
       (252, '25/03/2020', 5, 39),
       (253, '17/07/2020', 20, 3),
       (254, '12/02/2020', 11, 33),
       (255, '12/03/2020', 3, 13),
       (256, '18/04/2020', 12, 23),
       (257, '09/08/2020', 23, 38),
       (258, '25/09/2020', 24, 6),
       (259, '15/09/2020', 13, 19),
       (260, '05/05/2020', 5, 36),
       (261, '17/09/2020', 6, 44),
       (262, '05/03/2020', 14, 27),
       (263, '27/10/2020', 26, 47),
       (264, '27/11/2020', 18, 13),
       (265, '06/06/2020', 11, 44),
       (266, '24/11/2020', 12, 9),
       (267, '15/05/2020', 10, 46),
       (268, '27/09/2020', 6, 31),
       (269, '10/12/2020', 18, 49),
       (270, '13/10/2020', 21, 20),
       (271, '20/07/2020', 15, 26),
       (272, '27/12/2020', 19, 25),
       (273, '10/11/2020', 6, 15),
       (274, '05/04/2020', 17, 39),
       (275, '25/04/2020', 20, 6),
       (276, '14/01/2020', 20, 13),
       (277, '10/08/2020', 14, 25),
       (278, '23/11/2020', 9, 18),
       (279, '05/05/2020', 18, 47),
       (280, '27/11/2020', 8, 4),
       (281, '08/11/2020', 16, 41),
       (282, '06/05/2020', 21, 40),
       (283, '27/03/2020', 10, 41),
       (284, '04/01/2020', 21, 51),
       (285, '07/09/2020', 9, 29),
       (286, '28/05/2020', 21, 3),
       (287, '12/02/2020', 14, 21),
       (288, '15/05/2020', 18, 2),
       (289, '04/02/2020', 17, 7),
       (290, '19/06/2020', 25, 50),
       (291, '20/11/2020', 14, 28),
       (292, '23/10/2020', 5, 3),
       (293, '16/10/2020', 12, 39),
       (294, '03/04/2020', 26, 50),
       (295, '08/09/2020', 10, 13),
       (296, '10/06/2020', 4, 43),
       (297, '03/08/2020', 20, 37),
       (298, '14/09/2020', 14, 31),
       (299, '24/06/2020', 22, 18),
       (300, '15/03/2020', 16, 45),
       (301, '21/09/2020', 5, 4),
       (302, '17/09/2020', 8, 12),
       (303, '13/06/2020', 3, 50),
       (304, '05/05/2020', 18, 37),
       (305, '23/01/2020', 25, 46),
       (306, '21/01/2020', 15, 39),
       (307, '19/05/2020', 12, 39),
       (308, '01/05/2020', 20, 5),
       (309, '10/05/2020', 21, 30),
       (310, '10/08/2020', 12, 12),
       (311, '23/09/2020', 26, 39),
       (312, '19/03/2020', 16, 6),
       (313, '26/09/2020', 3, 23),
       (314, '04/08/2020', 9, 34),
       (315, '01/01/2020', 7, 14),
       (316, '09/11/2020', 21, 10),
       (317, '23/11/2020', 25, 24),
       (318, '13/04/2020', 19, 39),
       (319, '11/10/2020', 18, 42),
       (320, '02/11/2020', 10, 18),
       (321, '27/04/2020', 13, 37),
       (322, '20/10/2020', 3, 49),
       (323, '07/04/2020', 9, 52),
       (324, '27/02/2020', 26, 34),
       (325, '08/01/2020', 10, 51),
       (326, '12/06/2020', 20, 5),
       (327, '19/05/2020', 9, 21),
       (328, '03/06/2020', 25, 29),
       (329, '18/06/2020', 18, 47),
       (330, '17/04/2020', 10, 12),
       (331, '15/04/2020', 13, 30),
       (332, '06/02/2020', 21, 24),
       (333, '14/08/2020', 19, 46),
       (334, '08/05/2020', 18, 48),
       (335, '21/10/2020', 25, 28),
       (336, '05/07/2020', 18, 24),
       (337, '03/03/2020', 19, 43),
       (338, '15/02/2020', 4, 22),
       (339, '27/03/2020', 5, 5),
       (340, '27/02/2020', 5, 46),
       (341, '08/08/2020', 22, 41),
       (342, '12/02/2020', 22, 46),
       (343, '20/01/2020', 22, 51),
       (344, '10/07/2020', 5, 10),
       (345, '14/03/2020', 27, 15),
       (346, '05/11/2020', 21, 48),
       (347, '18/03/2020', 25, 21),
       (348, '01/11/2020', 5, 38),
       (349, '21/09/2020', 3, 24),
       (350, '06/01/2020', 8, 36),
       (351, '16/02/2020', 25, 16),
       (352, '27/01/2020', 16, 29),
       (353, '12/06/2020', 23, 22),
       (354, '08/11/2020', 11, 6),
       (355, '20/06/2020', 8, 10),
       (356, '02/08/2020', 20, 22),
       (357, '20/03/2020', 26, 3),
       (358, '22/04/2020', 19, 32),
       (359, '13/01/2020', 7, 25),
       (360, '20/02/2020', 5, 24),
       (361, '27/08/2020', 22, 48),
       (362, '16/08/2020', 5, 24),
       (363, '14/02/2020', 6, 5),
       (364, '19/01/2020', 3, 20),
       (365, '18/06/2020', 6, 14),
       (366, '14/02/2020', 10, 6),
       (367, '04/10/2020', 3, 28),
       (368, '16/02/2020', 16, 26),
       (369, '21/02/2020', 27, 40),
       (370, '24/11/2020', 15, 47),
       (371, '22/05/2020', 22, 5),
       (372, '03/07/2020', 25, 27),
       (373, '24/11/2020', 14, 7),
       (374, '20/05/2020', 20, 47),
       (375, '15/01/2020', 20, 27),
       (376, '15/03/2020', 27, 47),
       (377, '17/10/2020', 27, 34),
       (378, '05/10/2020', 21, 22),
       (379, '06/09/2020', 5, 36),
       (380, '20/06/2020', 15, 12),
       (381, '03/12/2020', 13, 42),
       (382, '24/09/2020', 12, 36),
       (383, '24/06/2020', 3, 36),
       (384, '07/04/2020', 20, 43),
       (385, '27/05/2020', 11, 5),
       (386, '14/05/2020', 24, 25),
       (387, '16/05/2020', 13, 14),
       (388, '15/05/2020', 13, 31),
       (389, '13/06/2020', 21, 44),
       (390, '24/07/2020', 12, 29),
       (391, '22/09/2020', 5, 6),
       (392, '22/11/2020', 10, 51),
       (393, '19/04/2020', 5, 51),
       (394, '12/03/2020', 15, 17),
       (395, '18/09/2020', 16, 25),
       (396, '11/09/2020', 27, 37),
       (397, '24/10/2020', 7, 2),
       (398, '10/03/2020', 18, 19),
       (399, '09/03/2020', 6, 9),
       (400, '13/08/2020', 15, 52),
       (401, '22/01/2020', 19, 40),
       (402, '15/05/2020', 8, 50),
       (403, '03/04/2020', 20, 13),
       (404, '25/05/2020', 26, 5),
       (405, '03/10/2020', 6, 11),
       (406, '14/12/2020', 7, 11),
       (407, '13/06/2020', 5, 12),
       (408, '27/05/2020', 22, 41),
       (409, '24/09/2020', 11, 16),
       (410, '08/09/2020', 5, 51),
       (411, '28/01/2020', 10, 33),
       (412, '12/09/2020', 23, 42),
       (413, '16/09/2020', 18, 22),
       (414, '10/12/2020', 6, 20),
       (415, '27/06/2020', 26, 52),
       (416, '23/02/2020', 25, 12),
       (417, '11/09/2020', 12, 43),
       (418, '09/12/2020', 12, 34),
       (419, '01/04/2020', 11, 10),
       (420, '14/01/2020', 10, 29),
       (421, '24/08/2020', 11, 40),
       (422, '03/02/2020', 13, 51),
       (423, '13/03/2020', 11, 48),
       (424, '22/08/2020', 19, 39),
       (425, '13/01/2020', 20, 44),
       (426, '04/06/2020', 23, 13),
       (427, '09/09/2020', 10, 8),
       (428, '03/06/2020', 7, 33),
       (429, '12/03/2020', 21, 30),
       (430, '04/07/2020', 13, 12),
       (431, '16/05/2020', 22, 22),
       (432, '06/09/2020', 6, 34),
       (433, '21/11/2020', 7, 38),
       (434, '01/05/2020', 27, 5),
       (435, '27/09/2020', 13, 32),
       (436, '28/03/2020', 25, 9),
       (437, '12/01/2020', 9, 48),
       (438, '02/09/2020', 25, 42),
       (439, '20/11/2020', 21, 35),
       (440, '24/04/2020', 20, 19),
       (441, '26/07/2020', 4, 32),
       (442, '09/12/2020', 25, 15),
       (443, '21/11/2020', 24, 4),
       (444, '12/06/2020', 18, 34),
       (445, '12/07/2020', 18, 46),
       (446, '21/01/2020', 6, 32),
       (447, '08/06/2020', 10, 36),
       (448, '19/11/2020', 17, 23),
       (449, '22/12/2020', 23, 26),
       (450, '03/06/2020', 17, 22),
       (451, '02/03/2020', 14, 52),
       (452, '07/10/2020', 12, 38),
       (453, '16/12/2020', 9, 48),
       (454, '20/07/2020', 20, 41),
       (455, '22/09/2020', 8, 44),
       (456, '28/04/2020', 21, 36),
       (457, '03/10/2020', 20, 34),
       (458, '08/12/2020', 26, 52),
       (459, '18/06/2020', 3, 50),
       (460, '11/06/2020', 8, 7),
       (461, '12/08/2020', 3, 49),
       (462, '08/06/2020', 26, 9),
       (463, '13/12/2020', 19, 35),
       (464, '15/09/2020', 22, 32),
       (465, '07/06/2020', 6, 17),
       (466, '04/07/2020', 18, 5),
       (467, '05/11/2020', 27, 25),
       (468, '25/07/2020', 7, 6),
       (469, '13/04/2020', 17, 12),
       (470, '04/04/2020', 11, 15),
       (471, '09/04/2020', 3, 45),
       (472, '23/04/2020', 20, 21),
       (473, '09/07/2020', 22, 14),
       (474, '14/01/2020', 21, 12),
       (475, '14/11/2020', 10, 27),
       (476, '08/06/2020', 11, 13),
       (477, '13/12/2020', 13, 13),
       (478, '21/04/2020', 27, 44),
       (479, '26/12/2020', 15, 35),
       (480, '04/10/2020', 26, 9),
       (481, '25/05/2020', 21, 12),
       (482, '06/03/2020', 13, 18),
       (483, '19/04/2020', 5, 25),
       (484, '01/09/2020', 16, 45),
       (485, '05/06/2020', 5, 2),
       (486, '06/01/2020', 8, 38),
       (487, '12/05/2020', 17, 47),
       (488, '07/07/2020', 26, 49),
       (489, '14/05/2020', 26, 4),
       (490, '25/01/2020', 9, 30),
       (491, '23/01/2020', 21, 30),
       (492, '03/05/2020', 19, 7),
       (493, '25/12/2020', 7, 27),
       (494, '16/09/2020', 25, 17),
       (495, '03/02/2020', 19, 41),
       (496, '20/03/2020', 5, 52),
       (497, '14/06/2020', 10, 45),
       (498, '23/07/2020', 7, 12),
       (499, '18/12/2020', 13, 12),
       (500, '12/02/2020', 19, 9),
       (501, '14/10/2020', 13, 35),
       (502, '11/02/2020', 12, 3),
       (503, '07/04/2020', 17, 8),
       (504, '26/10/2020', 20, 29),
       (505, '16/01/2020', 9, 40),
       (506, '27/01/2020', 25, 16),
       (507, '08/01/2020', 25, 20),
       (508, '12/12/2020', 25, 35),
       (509, '18/07/2020', 5, 45),
       (510, '17/01/2020', 10, 12),
       (511, '16/10/2020', 6, 10),
       (512, '26/12/2020', 14, 52),
       (513, '12/09/2020', 10, 13),
       (514, '26/06/2020', 18, 16),
       (515, '01/04/2020', 3, 28),
       (516, '04/07/2020', 16, 21),
       (517, '11/11/2020', 25, 16),
       (518, '25/06/2020', 20, 2),
       (519, '10/08/2020', 11, 42),
       (520, '15/09/2020', 18, 45),
       (521, '06/07/2020', 20, 4),
       (522, '15/04/2020', 23, 22),
       (523, '17/10/2020', 17, 11),
       (524, '16/06/2020', 20, 26),
       (525, '07/11/2020', 18, 45),
       (526, '01/05/2020', 12, 18),
       (527, '25/11/2020', 10, 17),
       (528, '18/09/2020', 21, 8),
       (529, '06/06/2020', 12, 11),
       (530, '11/09/2020', 23, 26),
       (531, '24/11/2020', 27, 8),
       (532, '11/07/2020', 14, 43),
       (533, '19/02/2020', 9, 26),
       (534, '05/06/2020', 14, 5),
       (535, '21/02/2020', 23, 42),
       (536, '06/03/2020', 25, 12),
       (537, '20/02/2020', 8, 30),
       (538, '17/03/2020', 6, 5),
       (539, '06/02/2020', 12, 42),
       (540, '13/04/2020', 25, 18),
       (541, '04/09/2020', 15, 44),
       (542, '26/09/2020', 22, 10),
       (543, '14/01/2020', 16, 24),
       (544, '24/01/2020', 7, 45),
       (545, '24/04/2020', 6, 24),
       (546, '14/08/2020', 26, 52),
       (547, '08/03/2020', 21, 7),
       (548, '07/11/2020', 16, 4),
       (549, '25/07/2020', 27, 36),
       (550, '24/06/2020', 17, 18),
       (551, '24/05/2020', 27, 21),
       (552, '27/01/2020', 9, 19),
       (553, '02/11/2020', 7, 52),
       (554, '13/05/2020', 24, 10),
       (555, '20/02/2020', 9, 48),
       (556, '05/06/2020', 10, 18),
       (557, '09/08/2020', 6, 18),
       (558, '22/09/2020', 6, 19),
       (559, '03/01/2020', 15, 31),
       (560, '16/04/2020', 27, 49),
       (561, '18/08/2020', 14, 15),
       (562, '15/03/2020', 9, 47),
       (563, '27/01/2020', 10, 23),
       (564, '22/10/2020', 27, 16),
       (565, '26/05/2020', 8, 5),
       (566, '05/05/2020', 9, 28),
       (567, '28/02/2020', 25, 7),
       (568, '22/11/2020', 7, 31),
       (569, '16/06/2020', 15, 48),
       (570, '12/12/2020', 20, 47),
       (571, '25/05/2020', 12, 51),
       (572, '27/12/2020', 8, 38),
       (573, '10/05/2020', 15, 52),
       (574, '20/04/2020', 19, 20),
       (575, '17/11/2020', 21, 14),
       (576, '26/04/2020', 7, 32),
       (577, '28/05/2020', 26, 20),
       (578, '14/09/2020', 22, 43),
       (579, '27/12/2020', 22, 38),
       (580, '11/10/2020', 9, 7),
       (581, '03/04/2020', 13, 41),
       (582, '08/12/2020', 6, 2),
       (583, '27/01/2020', 6, 12),
       (584, '16/04/2020', 12, 45),
       (585, '15/06/2020', 7, 8),
       (586, '24/01/2020', 16, 27),
       (587, '11/09/2020', 3, 14),
       (588, '18/05/2020', 9, 13),
       (589, '24/11/2020', 13, 49),
       (590, '08/03/2020', 10, 17),
       (591, '26/11/2020', 26, 36),
       (592, '27/03/2020', 16, 35),
       (593, '07/08/2020', 15, 38),
       (594, '16/02/2020', 24, 13),
       (595, '22/01/2020', 27, 4),
       (596, '26/12/2020', 20, 29),
       (597, '12/06/2020', 18, 28),
       (598, '25/03/2020', 27, 43),
       (599, '19/01/2020', 16, 40),
       (600, '15/08/2020', 10, 51),
       (601, '09/07/2020', 7, 5),
       (602, '14/07/2020', 9, 11),
       (603, '25/11/2020', 7, 19),
       (604, '04/09/2020', 18, 10),
       (605, '05/04/2020', 4, 44),
       (606, '18/05/2020', 13, 20),
       (607, '24/08/2020', 23, 48),
       (608, '17/05/2020', 5, 45),
       (609, '08/09/2020', 5, 51),
       (610, '28/01/2020', 10, 33),
       (611, '12/09/2020', 23, 42),
       (612, '16/09/2020', 18, 22),
       (613, '10/12/2020', 6, 20),
       (614, '27/06/2020', 26, 52),
       (615, '23/02/2020', 25, 12),
       (616, '11/09/2020', 12, 43),
       (617, '09/12/2020', 12, 34),
       (618, '01/04/2020', 11, 10),
       (619, '14/01/2020', 10, 29),
       (620, '24/08/2020', 11, 40),
       (621, '03/02/2020', 13, 51),
       (622, '13/03/2020', 11, 48),
       (623, '22/08/2020', 19, 39),
       (624, '13/01/2020', 20, 44),
       (625, '04/06/2020', 23, 13),
       (626, '09/09/2020', 10, 8),
       (627, '03/06/2020', 7, 33),
       (628, '12/03/2020', 21, 30),
       (629, '04/07/2020', 13, 12),
       (630, '16/05/2020', 22, 22),
       (631, '06/09/2020', 6, 34),
       (632, '21/11/2020', 7, 38),
       (633, '01/05/2020', 27, 5),
       (634, '27/09/2020', 13, 32),
       (635, '28/03/2020', 25, 9),
       (636, '12/01/2020', 9, 48),
       (637, '02/09/2020', 25, 42),
       (638, '20/11/2020', 21, 35),
       (639, '24/04/2020', 20, 19),
       (640, '26/07/2020', 4, 32),
       (641, '09/12/2020', 25, 15),
       (642, '21/11/2020', 24, 4),
       (643, '12/06/2020', 18, 34),
       (644, '12/07/2020', 18, 46),
       (645, '21/01/2020', 6, 32),
       (646, '08/06/2020', 10, 36),
       (647, '19/11/2020', 17, 23),
       (648, '22/12/2020', 23, 26),
       (649, '03/06/2020', 17, 22),
       (650, '02/03/2020', 14, 52),
       (651, '07/10/2020', 12, 38),
       (652, '16/12/2020', 9, 48),
       (653, '20/07/2020', 20, 41),
       (654, '22/09/2020', 8, 44),
       (655, '28/04/2020', 21, 36),
       (656, '03/10/2020', 20, 34),
       (657, '08/12/2020', 26, 52),
       (658, '18/06/2020', 3, 50),
       (659, '24/09/2020', 11, 16),
       (660, '08/09/2020', 5, 51),
       (661, '28/01/2020', 10, 33),
       (662, '12/09/2020', 23, 42),
       (663, '16/09/2020', 18, 22),
       (664, '10/12/2020', 6, 20),
       (665, '27/06/2020', 26, 52),
       (666, '23/02/2020', 25, 12),
       (667, '11/09/2020', 12, 43),
       (668, '09/12/2020', 12, 34),
       (669, '01/04/2020', 11, 10),
       (670, '14/01/2020', 10, 29),
       (671, '24/08/2020', 11, 40),
       (672, '03/02/2020', 13, 51),
       (673, '13/03/2020', 11, 48),
       (674, '22/08/2020', 19, 39),
       (675, '13/01/2020', 20, 44),
       (676, '04/06/2020', 23, 13),
       (677, '09/09/2020', 10, 8),
       (678, '03/06/2020', 7, 33),
       (679, '12/03/2020', 21, 30),
       (680, '04/07/2020', 13, 12),
       (681, '16/05/2020', 22, 22),
       (682, '06/09/2020', 6, 34),
       (683, '21/11/2020', 7, 38),
       (684, '01/05/2020', 27, 5),
       (685, '27/09/2020', 13, 32),
       (686, '28/03/2020', 25, 9),
       (687, '12/01/2020', 9, 48),
       (688, '02/09/2020', 25, 42),
       (689, '20/11/2020', 21, 35),
       (690, '24/04/2020', 20, 19),
       (691, '26/07/2020', 4, 32),
       (692, '09/12/2020', 25, 15),
       (693, '21/11/2020', 24, 4),
       (694, '12/06/2020', 18, 34),
       (695, '12/07/2020', 18, 46),
       (696, '21/01/2020', 6, 32),
       (697, '08/06/2020', 10, 36),
       (698, '19/11/2020', 17, 23),
       (699, '22/12/2020', 23, 26),
       (700, '03/06/2020', 17, 22),
       (701, '02/03/2020', 14, 52),
       (702, '07/10/2020', 12, 38),
       (703, '16/12/2020', 9, 48),
       (704, '20/07/2020', 20, 41),
       (705, '22/09/2020', 8, 44),
       (706, '28/04/2020', 21, 36),
       (707, '03/10/2020', 20, 34),
       (708, '08/12/2020', 26, 52),
       (709, '18/06/2020', 3, 50),
       (710, '11/06/2020', 8, 7),
       (711, '12/08/2020', 3, 49),
       (712, '08/06/2020', 26, 9),
       (713, '13/12/2020', 19, 35),
       (714, '15/09/2020', 22, 32),
       (715, '07/06/2020', 6, 17),
       (716, '04/07/2020', 18, 5),
       (717, '05/11/2020', 27, 25),
       (718, '25/07/2020', 7, 6),
       (719, '13/04/2020', 17, 12),
       (720, '04/04/2020', 11, 15),
       (721, '09/04/2020', 3, 45),
       (722, '23/04/2020', 20, 21),
       (723, '09/07/2020', 22, 14),
       (724, '14/01/2020', 21, 12),
       (725, '14/11/2020', 10, 27),
       (726, '08/06/2020', 11, 13),
       (727, '13/12/2020', 13, 13),
       (728, '21/04/2020', 27, 44),
       (729, '26/12/2020', 15, 35),
       (730, '04/10/2020', 26, 9),
       (731, '25/05/2020', 21, 12),
       (732, '06/03/2020', 13, 18),
       (733, '19/04/2020', 5, 25),
       (734, '01/09/2020', 16, 45),
       (735, '05/06/2020', 5, 2),
       (736, '06/01/2020', 8, 38),
       (737, '12/05/2020', 17, 47),
       (738, '07/07/2020', 26, 49),
       (739, '14/05/2020', 26, 4),
       (740, '25/01/2020', 9, 30),
       (741, '23/01/2020', 21, 30),
       (742, '03/05/2020', 19, 7),
       (743, '25/12/2020', 7, 27),
       (744, '16/09/2020', 25, 17),
       (745, '03/02/2020', 19, 41),
       (746, '20/03/2020', 5, 52),
       (747, '14/06/2020', 10, 45),
       (748, '23/07/2020', 7, 12),
       (749, '18/12/2020', 13, 12),
       (750, '12/02/2020', 19, 9),
       (751, '14/10/2020', 13, 35),
       (752, '11/02/2020', 12, 3),
       (753, '07/04/2020', 17, 8),
       (754, '26/10/2020', 20, 29),
       (755, '16/01/2020', 9, 40),
       (756, '27/01/2020', 25, 16),
       (757, '08/01/2020', 25, 20),
       (758, '12/12/2020', 25, 35),
       (759, '18/07/2020', 5, 45),
       (760, '17/01/2020', 10, 12),
       (761, '16/10/2020', 6, 10),
       (762, '26/12/2020', 14, 52),
       (763, '12/09/2020', 10, 13),
       (764, '26/06/2020', 18, 16),
       (765, '01/04/2020', 3, 28),
       (766, '04/07/2020', 16, 21),
       (767, '11/11/2020', 25, 16),
       (768, '25/06/2020', 20, 2),
       (769, '10/08/2020', 11, 42),
       (770, '15/09/2020', 18, 45),
       (771, '06/07/2020', 20, 4),
       (772, '15/04/2020', 23, 22),
       (773, '17/10/2020', 17, 11),
       (774, '16/06/2020', 20, 26),
       (775, '07/11/2020', 18, 45),
       (776, '01/05/2020', 12, 18),
       (777, '25/11/2020', 10, 17),
       (778, '18/09/2020', 21, 8),
       (779, '06/06/2020', 12, 11),
       (780, '11/09/2020', 23, 26),
       (781, '24/11/2020', 27, 8),
       (782, '11/07/2020', 14, 43),
       (783, '19/02/2020', 9, 26),
       (784, '05/06/2020', 14, 5),
       (785, '21/02/2020', 23, 42),
       (786, '06/03/2020', 25, 12),
       (787, '20/02/2020', 8, 30),
       (788, '17/03/2020', 6, 5),
       (789, '06/02/2020', 12, 42),
       (790, '13/04/2020', 25, 18),
       (791, '04/09/2020', 15, 44),
       (792, '26/09/2020', 22, 10),
       (793, '14/01/2020', 16, 24),
       (794, '24/01/2020', 7, 45),
       (795, '24/04/2020', 6, 24),
       (796, '14/08/2020', 26, 52),
       (797, '08/03/2020', 21, 7),
       (798, '07/11/2020', 16, 4),
       (799, '25/07/2020', 27, 36),
       (800, '24/06/2020', 17, 18),
       (801, '24/05/2020', 27, 21),
       (802, '27/01/2020', 9, 19),
       (803, '02/11/2020', 7, 52),
       (804, '13/05/2020', 24, 10),
       (805, '20/02/2020', 9, 48),
       (806, '05/06/2020', 10, 18),
       (807, '09/08/2020', 6, 18),
       (808, '22/09/2020', 6, 19),
       (809, '03/01/2020', 15, 31),
       (810, '16/04/2020', 27, 49),
       (811, '18/08/2020', 14, 15),
       (812, '15/03/2020', 9, 47),
       (813, '27/01/2020', 10, 23),
       (814, '22/10/2020', 27, 16),
       (815, '26/05/2020', 8, 5),
       (816, '05/05/2020', 9, 28),
       (817, '28/02/2020', 25, 7),
       (818, '22/11/2020', 7, 31),
       (819, '16/06/2020', 15, 48),
       (820, '12/12/2020', 20, 47),
       (821, '25/05/2020', 12, 51),
       (822, '27/12/2020', 8, 38),
       (823, '10/05/2020', 15, 52),
       (824, '20/04/2020', 19, 20),
       (825, '17/11/2020', 21, 14),
       (826, '26/04/2020', 7, 32),
       (827, '28/05/2020', 26, 20),
       (828, '14/09/2020', 22, 43),
       (829, '27/12/2020', 22, 38),
       (830, '11/10/2020', 9, 7),
       (831, '03/04/2020', 13, 41),
       (832, '08/12/2020', 6, 2),
       (833, '27/01/2020', 6, 12),
       (834, '16/04/2020', 12, 45),
       (835, '15/06/2020', 7, 8),
       (836, '24/01/2020', 16, 27),
       (837, '11/09/2020', 3, 14),
       (838, '18/05/2020', 9, 13),
       (839, '24/11/2020', 13, 49),
       (840, '08/03/2020', 10, 17),
       (841, '26/11/2020', 26, 36),
       (842, '27/03/2020', 16, 35),
       (843, '07/08/2020', 15, 38),
       (844, '16/02/2020', 24, 13),
       (845, '22/01/2020', 27, 4),
       (846, '26/12/2020', 20, 29),
       (847, '12/06/2020', 18, 28),
       (848, '25/03/2020', 27, 43),
       (849, '19/01/2020', 16, 40),
       (850, '15/08/2020', 10, 51),
       (851, '09/07/2020', 7, 5),
       (852, '14/07/2020', 9, 11),
       (853, '25/11/2020', 7, 19),
       (854, '04/09/2020', 18, 10),
       (855, '05/04/2020', 4, 44),
       (856, '18/05/2020', 13, 20),
       (857, '24/08/2020', 23, 48),
       (858, '17/05/2020', 5, 45),
       (859, '08/09/2020', 5, 51),
       (860, '28/01/2020', 10, 33),
       (861, '12/09/2020', 23, 42),
       (862, '16/09/2020', 18, 22),
       (863, '10/12/2020', 6, 20),
       (864, '27/06/2020', 26, 52),
       (865, '23/02/2020', 25, 12),
       (866, '11/09/2020', 12, 43),
       (867, '09/12/2020', 12, 34),
       (868, '01/04/2020', 11, 10),
       (869, '14/01/2020', 10, 29),
       (870, '24/08/2020', 11, 40),
       (871, '03/02/2020', 13, 51),
       (872, '13/03/2020', 11, 48),
       (873, '22/08/2020', 19, 39),
       (874, '13/01/2020', 20, 44),
       (875, '04/06/2020', 23, 13),
       (876, '09/09/2020', 10, 8),
       (877, '03/06/2020', 7, 33),
       (878, '12/03/2020', 21, 30),
       (879, '04/07/2020', 13, 12),
       (880, '16/05/2020', 22, 22),
       (881, '06/09/2020', 6, 34),
       (882, '21/11/2020', 7, 38),
       (883, '01/05/2020', 27, 5),
       (884, '27/09/2020', 13, 32),
       (885, '28/03/2020', 25, 9),
       (886, '12/01/2020', 9, 48),
       (887, '02/09/2020', 25, 42),
       (888, '20/11/2020', 21, 35),
       (889, '24/04/2020', 20, 19),
       (890, '26/07/2020', 4, 32),
       (891, '09/12/2020', 25, 15),
       (892, '21/11/2020', 24, 4),
       (893, '12/06/2020', 18, 34),
       (894, '12/07/2020', 18, 46),
       (895, '21/01/2020', 6, 32),
       (896, '08/06/2020', 10, 36),
       (897, '19/11/2020', 17, 23),
       (898, '22/12/2020', 23, 26),
       (899, '03/06/2020', 17, 22),
       (900, '02/03/2020', 14, 52),
       (901, '07/10/2020', 12, 38),
       (902, '16/12/2020', 9, 48),
       (903, '20/07/2020', 20, 41),
       (904, '22/09/2020', 8, 44),
       (905, '28/04/2020', 21, 36),
       (906, '03/10/2020', 20, 34),
       (907, '08/12/2020', 26, 52),
       (908, '18/06/2020', 3, 50),
       (909, '11/06/2020', 8, 7),
       (910, '12/08/2020', 3, 49),
       (911, '08/06/2020', 26, 9),
       (912, '13/12/2020', 19, 35),
       (913, '15/09/2020', 22, 32),
       (914, '07/06/2020', 6, 17),
       (915, '04/07/2020', 18, 5),
       (916, '05/11/2020', 27, 25),
       (917, '25/07/2020', 7, 6),
       (918, '13/04/2020', 17, 12),
       (919, '04/04/2020', 11, 15),
       (920, '09/04/2020', 3, 45),
       (921, '23/04/2020', 20, 21),
       (922, '09/07/2020', 22, 14),
       (923, '14/01/2020', 21, 12),
       (924, '14/11/2020', 10, 27),
       (925, '08/06/2020', 11, 13),
       (926, '13/12/2020', 13, 13),
       (927, '21/04/2020', 27, 44),
       (928, '26/12/2020', 15, 35),
       (929, '04/10/2020', 26, 9),
       (930, '25/05/2020', 21, 12),
       (931, '06/03/2020', 13, 18),
       (932, '19/04/2020', 5, 25),
       (933, '01/09/2020', 16, 45),
       (934, '05/06/2020', 5, 2),
       (935, '06/01/2020', 8, 38),
       (936, '12/05/2020', 17, 47),
       (937, '07/07/2020', 26, 49),
       (938, '14/05/2020', 26, 4),
       (939, '25/01/2020', 9, 30),
       (940, '23/01/2020', 21, 30),
       (941, '03/05/2020', 19, 7),
       (942, '25/12/2020', 7, 27),
       (943, '16/09/2020', 25, 17),
       (944, '03/02/2020', 19, 41),
       (945, '20/03/2020', 5, 52),
       (946, '14/06/2020', 10, 45),
       (947, '23/07/2020', 7, 12),
       (948, '18/12/2020', 13, 12),
       (949, '12/02/2020', 19, 9),
       (950, '14/10/2020', 13, 35),
       (951, '11/02/2020', 12, 3),
       (952, '07/04/2020', 17, 8),
       (953, '26/10/2020', 20, 29),
       (954, '16/01/2020', 9, 40),
       (955, '27/01/2020', 25, 16),
       (956, '08/01/2020', 25, 20),
       (957, '12/12/2020', 25, 35),
       (958, '18/07/2020', 5, 45),
       (959, '17/01/2020', 10, 12),
       (960, '16/10/2020', 6, 10),
       (961, '26/12/2020', 14, 52),
       (962, '12/09/2020', 10, 13),
       (963, '26/06/2020', 18, 16),
       (964, '01/04/2020', 3, 28),
       (965, '04/07/2020', 16, 21),
       (966, '11/11/2020', 25, 16),
       (967, '25/06/2020', 20, 2),
       (968, '10/08/2020', 11, 42),
       (969, '15/09/2020', 18, 45),
       (970, '06/07/2020', 20, 4),
       (971, '15/04/2020', 23, 22),
       (972, '17/10/2020', 17, 11),
       (973, '16/06/2020', 20, 26),
       (974, '07/11/2020', 18, 45),
       (975, '01/05/2020', 12, 18),
       (976, '25/11/2020', 10, 17),
       (977, '18/09/2020', 21, 8),
       (978, '06/06/2020', 12, 11),
       (979, '11/09/2020', 23, 26),
       (980, '24/11/2020', 27, 8),
       (981, '11/07/2020', 14, 43),
       (982, '19/02/2020', 9, 26),
       (983, '05/06/2020', 14, 5),
       (984, '21/02/2020', 23, 42),
       (985, '06/03/2020', 25, 12),
       (986, '20/02/2020', 8, 30),
       (987, '17/03/2020', 6, 5),
       (988, '06/02/2020', 12, 42),
       (989, '13/04/2020', 25, 18),
       (990, '04/09/2020', 15, 44),
       (991, '26/09/2020', 22, 10),
       (992, '14/01/2020', 16, 24),
       (993, '24/01/2020', 7, 45),
       (994, '24/04/2020', 6, 24),
       (995, '14/08/2020', 26, 52),
       (996, '08/03/2020', 21, 7),
       (997, '07/11/2020', 16, 4),
       (998, '25/07/2020', 27, 36),
       (999, '24/06/2020', 17, 18),
       (1000, '24/05/2020', 27, 21),
       (1001, '27/01/2020', 9, 19),
       (1002, '02/11/2020', 7, 52),
       (1003, '13/05/2020', 24, 10),
       (1004, '20/02/2020', 9, 48),
       (1005, '05/06/2020', 10, 18),
       (1006, '09/08/2020', 6, 18),
       (1007, '22/09/2020', 6, 19),
       (1008, '03/01/2020', 15, 31),
       (1009, '16/04/2020', 27, 49),
       (1010, '18/08/2020', 14, 15),
       (1011, '15/03/2020', 9, 47),
       (1012, '27/01/2020', 10, 23),
       (1013, '22/10/2020', 27, 16),
       (1014, '26/05/2020', 8, 5),
       (1015, '05/05/2020', 9, 28),
       (1016, '28/02/2020', 25, 7),
       (1017, '22/11/2020', 7, 31),
       (1018, '16/06/2020', 15, 48),
       (1019, '12/12/2020', 20, 47),
       (1020, '25/05/2020', 12, 51),
       (1021, '27/12/2020', 8, 38),
       (1022, '10/05/2020', 15, 52),
       (1023, '20/04/2020', 19, 20),
       (1024, '17/11/2020', 21, 14),
       (1025, '26/04/2020', 7, 32),
       (1026, '28/05/2020', 26, 20),
       (1027, '14/09/2020', 22, 43),
       (1028, '27/12/2020', 22, 38),
       (1029, '11/10/2020', 9, 7),
       (1030, '03/04/2020', 13, 41),
       (1031, '08/12/2020', 6, 2),
       (1032, '27/01/2020', 6, 12),
       (1033, '16/04/2020', 12, 45),
       (1034, '15/06/2020', 7, 8),
       (1035, '24/01/2020', 16, 27),
       (1036, '11/09/2020', 3, 14),
       (1037, '18/05/2020', 9, 13),
       (1038, '24/11/2020', 13, 49),
       (1039, '08/03/2020', 10, 17),
       (1040, '26/11/2020', 26, 36),
       (1041, '27/03/2020', 16, 35),
       (1042, '07/08/2020', 15, 38),
       (1043, '16/02/2020', 24, 13),
       (1044, '22/01/2020', 27, 4),
       (1045, '26/12/2020', 20, 29),
       (1046, '12/06/2020', 18, 28),
       (1047, '25/03/2020', 27, 43),
       (1048, '19/01/2020', 16, 40),
       (1049, '15/08/2020', 10, 51),
       (1050, '09/07/2020', 7, 5),
       (1051, '14/07/2020', 9, 11),
       (1052, '25/11/2020', 7, 19),
       (1053, '04/09/2020', 18, 10),
       (1054, '05/04/2020', 4, 44),
       (1055, '18/05/2020', 13, 20),
       (1056, '24/08/2020', 23, 48),
       (1057, '17/05/2020', 5, 45),
       (1058, '08/09/2020', 5, 51),
       (1059, '28/01/2020', 10, 33),
       (1060, '12/09/2020', 23, 42),
       (1061, '16/09/2020', 18, 22),
       (1062, '10/12/2020', 6, 20),
       (1063, '27/06/2020', 26, 52),
       (1064, '23/02/2020', 25, 12),
       (1065, '11/09/2020', 12, 43),
       (1066, '09/12/2020', 12, 34),
       (1067, '01/04/2020', 11, 10),
       (1068, '14/01/2020', 10, 29),
       (1069, '24/08/2020', 11, 40),
       (1070, '03/02/2020', 13, 51),
       (1071, '13/03/2020', 11, 48),
       (1072, '22/08/2020', 19, 39),
       (1073, '13/01/2020', 20, 44),
       (1074, '04/06/2020', 23, 13),
       (1075, '09/09/2020', 10, 8),
       (1076, '03/06/2020', 7, 33),
       (1077, '12/03/2020', 21, 30),
       (1078, '04/07/2020', 13, 12),
       (1079, '16/05/2020', 22, 22),
       (1080, '06/09/2020', 6, 34),
       (1081, '21/11/2020', 7, 38),
       (1082, '01/05/2020', 27, 5),
       (1083, '27/09/2020', 13, 32),
       (1084, '28/03/2020', 25, 9),
       (1085, '12/01/2020', 9, 48),
       (1086, '02/09/2020', 25, 42),
       (1087, '20/11/2020', 21, 35),
       (1088, '24/04/2020', 20, 19),
       (1089, '26/07/2020', 4, 32),
       (1090, '09/12/2020', 25, 15),
       (1091, '21/11/2020', 24, 4),
       (1092, '12/06/2020', 18, 34),
       (1093, '12/07/2020', 18, 46),
       (1094, '21/01/2020', 6, 32),
       (1095, '08/06/2020', 10, 36),
       (1096, '19/11/2020', 17, 23),
       (1097, '22/12/2020', 23, 26),
       (1098, '03/06/2020', 17, 22),
       (1099, '02/03/2020', 14, 52),
       (1100, '07/10/2020', 12, 38),
       (1101, '16/12/2020', 9, 48),
       (1102, '20/07/2020', 20, 41),
       (1103, '22/09/2020', 8, 44),
       (1104, '28/04/2020', 21, 36),
       (1105, '03/10/2020', 20, 34),
       (1106, '08/12/2020', 26, 52),
       (1107, '18/06/2020', 3, 50),
       (1108, '11/06/2020', 8, 7),
       (1109, '12/08/2020', 3, 49),
       (1110, '08/06/2020', 26, 9),
       (1111, '13/12/2020', 19, 35),
       (1112, '15/09/2020', 22, 32),
       (1113, '07/06/2020', 6, 17),
       (1114, '04/07/2020', 18, 5),
       (1115, '05/11/2020', 27, 25),
       (1116, '25/07/2020', 7, 6),
       (1117, '13/04/2020', 17, 12),
       (1118, '04/04/2020', 11, 15),
       (1119, '09/04/2020', 3, 45),
       (1120, '23/04/2020', 20, 21),
       (1121, '09/07/2020', 22, 14),
       (1122, '14/01/2020', 21, 12),
       (1123, '14/11/2020', 10, 27),
       (1124, '08/06/2020', 11, 13),
       (1125, '13/12/2020', 13, 13),
       (1126, '21/04/2020', 27, 44),
       (1127, '26/12/2020', 15, 35),
       (1128, '04/10/2020', 26, 9),
       (1129, '25/05/2020', 21, 12),
       (1130, '06/03/2020', 13, 18),
       (1131, '19/04/2020', 5, 25),
       (1132, '01/09/2020', 16, 45),
       (1133, '05/06/2020', 5, 2),
       (1134, '06/01/2020', 8, 38),
       (1135, '12/05/2020', 17, 47),
       (1136, '07/07/2020', 26, 49),
       (1137, '14/05/2020', 26, 4),
       (1138, '25/01/2020', 9, 30),
       (1139, '23/01/2020', 21, 30),
       (1140, '03/05/2020', 19, 7),
       (1141, '25/12/2020', 7, 27),
       (1142, '16/09/2020', 25, 17),
       (1143, '03/02/2020', 19, 41),
       (1144, '20/03/2020', 5, 52),
       (1145, '14/06/2020', 10, 45),
       (1146, '23/07/2020', 7, 12),
       (1147, '18/12/2020', 13, 12),
       (1148, '12/02/2020', 19, 9),
       (1149, '14/10/2020', 13, 35),
       (1150, '11/02/2020', 12, 3),
       (1151, '07/04/2020', 17, 8),
       (1152, '26/10/2020', 20, 29),
       (1153, '16/01/2020', 9, 40),
       (1154, '27/01/2020', 25, 16),
       (1155, '08/01/2020', 25, 20),
       (1156, '12/12/2020', 25, 35),
       (1157, '18/07/2020', 5, 45),
       (1158, '17/01/2020', 10, 12),
       (1159, '16/10/2020', 6, 10),
       (1160, '26/12/2020', 14, 52),
       (1161, '12/09/2020', 10, 13),
       (1162, '26/06/2020', 18, 16),
       (1163, '01/04/2020', 3, 28),
       (1164, '04/07/2020', 16, 21),
       (1165, '11/11/2020', 25, 16),
       (1166, '25/06/2020', 20, 2),
       (1167, '10/08/2020', 11, 42),
       (1168, '15/09/2020', 18, 45),
       (1169, '06/07/2020', 20, 4),
       (1170, '15/04/2020', 23, 22),
       (1171, '17/10/2020', 17, 11),
       (1172, '16/06/2020', 20, 26),
       (1173, '07/11/2020', 18, 45),
       (1174, '01/05/2020', 12, 18),
       (1175, '25/11/2020', 10, 17),
       (1176, '18/09/2020', 21, 8),
       (1177, '06/06/2020', 12, 11),
       (1178, '11/09/2020', 23, 26),
       (1179, '24/11/2020', 27, 8),
       (1180, '11/07/2020', 14, 43),
       (1181, '19/02/2020', 9, 26),
       (1182, '05/06/2020', 14, 5),
       (1183, '21/02/2020', 23, 42),
       (1184, '06/03/2020', 25, 12),
       (1185, '20/02/2020', 8, 30),
       (1186, '17/03/2020', 6, 5),
       (1187, '06/02/2020', 12, 42),
       (1188, '13/04/2020', 25, 18),
       (1189, '04/09/2020', 15, 44),
       (1190, '26/09/2020', 22, 10),
       (1191, '14/01/2020', 16, 24),
       (1192, '24/01/2020', 7, 45),
       (1193, '24/04/2020', 6, 24),
       (1194, '14/08/2020', 26, 52),
       (1195, '08/03/2020', 21, 7),
       (1196, '07/11/2020', 16, 4),
       (1197, '25/07/2020', 27, 36),
       (1198, '24/06/2020', 17, 18),
       (1199, '24/05/2020', 27, 21),
       (1200, '27/01/2020', 9, 19),
       (1201, '02/11/2020', 7, 52),
       (1202, '13/05/2020', 24, 10),
       (1203, '20/02/2020', 9, 48),
       (1204, '05/06/2020', 10, 18),
       (1205, '09/08/2020', 6, 18),
       (1206, '22/09/2020', 6, 19),
       (1207, '03/01/2020', 15, 31),
       (1208, '16/04/2020', 27, 49),
       (1209, '18/08/2020', 14, 15),
       (1210, '15/03/2020', 9, 47),
       (1211, '27/01/2020', 10, 23),
       (1212, '22/10/2020', 27, 16),
       (1213, '26/05/2020', 8, 5),
       (1214, '05/05/2020', 9, 28),
       (1215, '28/02/2020', 25, 7),
       (1216, '22/11/2020', 7, 31),
       (1217, '16/06/2020', 15, 48),
       (1218, '12/12/2020', 20, 47),
       (1219, '25/05/2020', 12, 51),
       (1220, '27/12/2020', 8, 38),
       (1221, '10/05/2020', 15, 52),
       (1222, '20/04/2020', 19, 20),
       (1223, '17/11/2020', 21, 14),
       (1224, '26/04/2020', 7, 32),
       (1225, '28/05/2020', 26, 20),
       (1226, '14/09/2020', 22, 43),
       (1227, '27/12/2020', 22, 38),
       (1228, '11/10/2020', 9, 7),
       (1229, '03/04/2020', 13, 41),
       (1230, '08/12/2020', 6, 2),
       (1231, '27/01/2020', 6, 12),
       (1232, '16/04/2020', 12, 45),
       (1233, '15/06/2020', 7, 8),
       (1234, '24/01/2020', 16, 27),
       (1235, '11/09/2020', 3, 14),
       (1236, '18/05/2020', 9, 13),
       (1237, '24/11/2020', 13, 49),
       (1238, '08/03/2020', 10, 17),
       (1239, '26/11/2020', 26, 36),
       (1240, '27/03/2020', 16, 35),
       (1241, '07/08/2020', 15, 38),
       (1242, '16/02/2020', 24, 13),
       (1243, '22/01/2020', 27, 4),
       (1244, '26/12/2020', 20, 29),
       (1245, '12/06/2020', 18, 28),
       (1246, '25/03/2020', 27, 43),
       (1247, '19/01/2020', 16, 40),
       (1248, '15/08/2020', 10, 51),
       (1249, '09/07/2020', 7, 5),
       (1250, '14/07/2020', 9, 11),
       (1251, '25/11/2020', 7, 19),
       (1252, '04/09/2020', 18, 10),
       (1253, '05/04/2020', 4, 44),
       (1254, '18/05/2020', 13, 20),
       (1255, '24/08/2020', 23, 48),
       (1256, '17/05/2020', 5, 45),
       (1257, '28/01/2020', 10, 33),
       (1258, '12/09/2020', 23, 42),
       (1259, '16/09/2020', 18, 22),
       (1260, '10/12/2020', 6, 20),
       (1261, '27/06/2020', 26, 52),
       (1262, '23/02/2020', 25, 12),
       (1263, '11/09/2020', 12, 43),
       (1264, '09/12/2020', 12, 34),
       (1265, '01/04/2020', 11, 10),
       (1266, '14/01/2020', 10, 29),
       (1267, '24/08/2020', 11, 40),
       (1268, '03/02/2020', 13, 51),
       (1269, '13/03/2020', 11, 48),
       (1270, '22/08/2020', 19, 39),
       (1271, '13/01/2020', 20, 44),
       (1272, '04/06/2020', 23, 13),
       (1273, '09/09/2020', 10, 8),
       (1274, '03/06/2020', 7, 33),
       (1275, '12/03/2020', 21, 30),
       (1276, '04/07/2020', 13, 12),
       (1277, '16/05/2020', 22, 22),
       (1278, '06/09/2020', 6, 34),
       (1279, '21/11/2020', 7, 38),
       (1280, '01/05/2020', 27, 5),
       (1281, '27/09/2020', 13, 32),
       (1282, '28/03/2020', 25, 9),
       (1283, '12/01/2020', 9, 48),
       (1284, '02/09/2020', 25, 42),
       (1285, '20/11/2020', 21, 35),
       (1286, '24/04/2020', 20, 19),
       (1287, '26/07/2020', 4, 32),
       (1288, '09/12/2020', 25, 15),
       (1289, '21/11/2020', 24, 4),
       (1290, '12/06/2020', 18, 34),
       (1291, '12/07/2020', 18, 46),
       (1292, '21/01/2020', 6, 32),
       (1293, '08/06/2020', 10, 36),
       (1294, '19/11/2020', 17, 23),
       (1295, '22/12/2020', 23, 26),
       (1296, '03/06/2020', 17, 22),
       (1297, '02/03/2020', 14, 52),
       (1298, '07/10/2020', 12, 38),
       (1299, '16/12/2020', 9, 48),
       (1300, '20/07/2020', 20, 41),
       (1301, '22/09/2020', 8, 44),
       (1302, '28/04/2020', 21, 36),
       (1303, '03/10/2020', 20, 34),
       (1304, '08/12/2020', 26, 52),
       (1305, '18/06/2020', 3, 50),
       (1306, '11/06/2020', 8, 7),
       (1307, '12/08/2020', 3, 49),
       (1308, '08/06/2020', 26, 9),
       (1309, '13/12/2020', 19, 35),
       (1310, '15/09/2020', 22, 32),
       (1311, '07/06/2020', 6, 17),
       (1312, '04/07/2020', 18, 5),
       (1313, '05/11/2020', 27, 25),
       (1314, '25/07/2020', 7, 6),
       (1315, '13/04/2020', 17, 12),
       (1316, '04/04/2020', 11, 15),
       (1317, '09/04/2020', 3, 45),
       (1318, '23/04/2020', 20, 21),
       (1319, '09/07/2020', 22, 14),
       (1320, '14/01/2020', 21, 12),
       (1321, '14/11/2020', 10, 27),
       (1322, '08/06/2020', 11, 13),
       (1323, '13/12/2020', 13, 13),
       (1324, '21/04/2020', 27, 44),
       (1325, '26/12/2020', 15, 35),
       (1326, '04/10/2020', 26, 9),
       (1327, '25/05/2020', 21, 12),
       (1328, '06/03/2020', 13, 18),
       (1329, '19/04/2020', 5, 25),
       (1330, '01/09/2020', 16, 45),
       (1331, '05/06/2020', 5, 2),
       (1332, '06/01/2020', 8, 38),
       (1333, '12/05/2020', 17, 47),
       (1334, '07/07/2020', 26, 49),
       (1335, '14/05/2020', 26, 4),
       (1336, '25/01/2020', 9, 30),
       (1337, '23/01/2020', 21, 30),
       (1338, '03/05/2020', 19, 7),
       (1339, '25/12/2020', 7, 27),
       (1340, '16/09/2020', 25, 17),
       (1341, '03/02/2020', 19, 41),
       (1342, '20/03/2020', 5, 52),
       (1343, '14/06/2020', 10, 45),
       (1344, '23/07/2020', 7, 12),
       (1345, '18/12/2020', 13, 12),
       (1346, '12/02/2020', 19, 9),
       (1347, '14/10/2020', 13, 35),
       (1348, '11/02/2020', 12, 3),
       (1349, '07/04/2020', 17, 8),
       (1350, '26/10/2020', 20, 29),
       (1351, '16/01/2020', 9, 40),
       (1352, '27/01/2020', 25, 16),
       (1353, '08/01/2020', 25, 20),
       (1354, '12/12/2020', 25, 35),
       (1355, '18/07/2020', 5, 45),
       (1356, '17/01/2020', 10, 12),
       (1357, '16/10/2020', 6, 10),
       (1358, '26/12/2020', 14, 52),
       (1359, '12/09/2020', 10, 13),
       (1360, '26/06/2020', 18, 16),
       (1361, '01/04/2020', 3, 28),
       (1362, '04/07/2020', 16, 21),
       (1363, '11/11/2020', 25, 16),
       (1364, '25/06/2020', 20, 2),
       (1365, '10/08/2020', 11, 42),
       (1366, '15/09/2020', 18, 45),
       (1367, '06/07/2020', 20, 4),
       (1368, '15/04/2020', 23, 22),
       (1369, '17/10/2020', 17, 11),
       (1370, '16/06/2020', 20, 26),
       (1371, '07/11/2020', 18, 45),
       (1372, '01/05/2020', 12, 18),
       (1373, '25/11/2020', 10, 17),
       (1374, '18/09/2020', 21, 8),
       (1375, '06/06/2020', 12, 11),
       (1376, '11/09/2020', 23, 26),
       (1377, '24/11/2020', 27, 8),
       (1378, '11/07/2020', 14, 43),
       (1379, '19/02/2020', 9, 26),
       (1380, '05/06/2020', 14, 5),
       (1381, '21/02/2020', 23, 42),
       (1382, '06/03/2020', 25, 12),
       (1383, '20/02/2020', 8, 30),
       (1384, '17/03/2020', 6, 5),
       (1385, '06/02/2020', 12, 42),
       (1386, '13/04/2020', 25, 18),
       (1387, '04/09/2020', 15, 44),
       (1388, '26/09/2020', 22, 10),
       (1389, '14/01/2020', 16, 24),
       (1390, '24/01/2020', 7, 45),
       (1391, '24/04/2020', 6, 24),
       (1392, '14/08/2020', 26, 52),
       (1393, '08/03/2020', 21, 7),
       (1394, '07/11/2020', 16, 4),
       (1395, '25/07/2020', 27, 36),
       (1396, '24/06/2020', 17, 18),
       (1397, '24/05/2020', 27, 21),
       (1398, '27/01/2020', 9, 19),
       (1399, '02/11/2020', 7, 52),
       (1400, '13/05/2020', 24, 10),
       (1401, '20/02/2020', 9, 48),
       (1402, '05/06/2020', 10, 18),
       (1403, '09/08/2020', 6, 18),
       (1404, '22/09/2020', 6, 19),
       (1405, '03/01/2020', 15, 31),
       (1406, '16/04/2020', 27, 49),
       (1407, '18/08/2020', 14, 15),
       (1408, '15/03/2020', 9, 47),
       (1409, '27/01/2020', 10, 23),
       (1410, '22/10/2020', 27, 16),
       (1411, '26/05/2020', 8, 5),
       (1412, '05/05/2020', 9, 28),
       (1413, '28/02/2020', 25, 7),
       (1414, '22/11/2020', 7, 31),
       (1415, '16/06/2020', 15, 48),
       (1416, '12/12/2020', 20, 47),
       (1417, '25/05/2020', 12, 51),
       (1418, '27/12/2020', 8, 38),
       (1419, '10/05/2020', 15, 52),
       (1420, '20/04/2020', 19, 20),
       (1421, '17/11/2020', 21, 14),
       (1422, '26/04/2020', 7, 32),
       (1423, '28/05/2020', 26, 20),
       (1424, '14/09/2020', 22, 43),
       (1425, '27/12/2020', 22, 38),
       (1426, '11/10/2020', 9, 7),
       (1427, '03/04/2020', 13, 41),
       (1428, '08/12/2020', 6, 2),
       (1429, '27/01/2020', 6, 12),
       (1430, '16/04/2020', 12, 45),
       (1431, '15/06/2020', 7, 8),
       (1432, '24/01/2020', 16, 27),
       (1433, '11/09/2020', 3, 14),
       (1434, '18/05/2020', 9, 13),
       (1435, '24/11/2020', 13, 49),
       (1436, '08/03/2020', 10, 17),
       (1437, '26/11/2020', 26, 36),
       (1438, '27/03/2020', 16, 35),
       (1439, '07/08/2020', 15, 38),
       (1440, '16/02/2020', 24, 13),
       (1441, '22/01/2020', 27, 4),
       (1442, '26/12/2020', 20, 29),
       (1443, '12/06/2020', 18, 28),
       (1444, '25/03/2020', 27, 43),
       (1445, '19/01/2020', 16, 40),
       (1446, '15/08/2020', 10, 51),
       (1447, '09/07/2020', 7, 5),
       (1448, '14/07/2020', 9, 11),
       (1449, '25/11/2020', 7, 19),
       (1450, '04/09/2020', 18, 10),
       (1451, '05/04/2020', 4, 44),
       (1452, '18/05/2020', 13, 20),
       (1453, '24/08/2020', 23, 48),
       (1454, '17/05/2020', 5, 45),
       (1455, '24/09/2020', 11, 16),
       (1456, '08/09/2020', 5, 51),
       (1457, '28/01/2020', 10, 33),
       (1458, '12/09/2020', 23, 42),
       (1459, '16/09/2020', 18, 22),
       (1460, '10/12/2020', 6, 20),
       (1461, '27/06/2020', 26, 52),
       (1462, '23/02/2020', 25, 12),
       (1463, '11/09/2020', 12, 43),
       (1464, '09/12/2020', 12, 34),
       (1465, '01/04/2020', 11, 10),
       (1466, '14/01/2020', 10, 29),
       (1467, '24/08/2020', 11, 40),
       (1468, '03/02/2020', 13, 51),
       (1469, '13/03/2020', 11, 48),
       (1470, '22/08/2020', 19, 39),
       (1471, '13/01/2020', 20, 44),
       (1472, '04/06/2020', 23, 13),
       (1473, '09/09/2020', 10, 8),
       (1474, '03/06/2020', 7, 33),
       (1475, '12/03/2020', 21, 30),
       (1476, '04/07/2020', 13, 12),
       (1477, '16/05/2020', 22, 22),
       (1478, '06/09/2020', 6, 34),
       (1479, '21/11/2020', 7, 38),
       (1480, '01/05/2020', 27, 5),
       (1481, '27/09/2020', 13, 32),
       (1482, '28/03/2020', 25, 9),
       (1483, '12/01/2020', 9, 48),
       (1484, '02/09/2020', 25, 42),
       (1485, '20/11/2020', 21, 35),
       (1486, '24/04/2020', 20, 19),
       (1487, '26/07/2020', 4, 32),
       (1488, '09/12/2020', 25, 15),
       (1489, '21/11/2020', 24, 4),
       (1490, '12/06/2020', 18, 34),
       (1491, '12/07/2020', 18, 46),
       (1492, '21/01/2020', 6, 32),
       (1493, '08/06/2020', 10, 36),
       (1494, '19/11/2020', 17, 23),
       (1495, '22/12/2020', 23, 26),
       (1496, '03/06/2020', 17, 22),
       (1497, '02/03/2020', 14, 52),
       (1498, '07/10/2020', 12, 38),
       (1499, '16/12/2020', 9, 48),
       (1500, '20/07/2020', 20, 41),
       (1501, '22/09/2020', 8, 44),
       (1502, '28/04/2020', 21, 36),
       (1503, '03/10/2020', 20, 34),
       (1504, '08/12/2020', 26, 52),
       (1505, '18/06/2020', 3, 50),
       (1506, '11/06/2020', 8, 7),
       (1507, '12/08/2020', 3, 49),
       (1508, '08/06/2020', 26, 9),
       (1509, '13/12/2020', 19, 35),
       (1510, '15/09/2020', 22, 32),
       (1511, '07/06/2020', 6, 17),
       (1512, '04/07/2020', 18, 5),
       (1513, '05/11/2020', 27, 25),
       (1514, '25/07/2020', 7, 6),
       (1515, '13/04/2020', 17, 12),
       (1516, '04/04/2020', 11, 15),
       (1517, '09/04/2020', 3, 45),
       (1518, '23/04/2020', 20, 21),
       (1519, '09/07/2020', 22, 14),
       (1520, '14/01/2020', 21, 12),
       (1521, '14/11/2020', 10, 27),
       (1522, '08/06/2020', 11, 13),
       (1523, '13/12/2020', 13, 13),
       (1524, '21/04/2020', 27, 44),
       (1525, '26/12/2020', 15, 35),
       (1526, '04/10/2020', 26, 9),
       (1527, '25/05/2020', 21, 12),
       (1528, '06/03/2020', 13, 18),
       (1529, '19/04/2020', 5, 25),
       (1530, '01/09/2020', 16, 45),
       (1531, '05/06/2020', 5, 2),
       (1532, '06/01/2020', 8, 38),
       (1533, '12/05/2020', 17, 47),
       (1534, '07/07/2020', 26, 49),
       (1535, '14/05/2020', 26, 4),
       (1536, '25/01/2020', 9, 30),
       (1537, '23/01/2020', 21, 30),
       (1538, '03/05/2020', 19, 7),
       (1539, '25/12/2020', 7, 27),
       (1540, '16/09/2020', 25, 17),
       (1541, '03/02/2020', 19, 41),
       (1542, '20/03/2020', 5, 52),
       (1543, '14/06/2020', 10, 45),
       (1544, '23/07/2020', 7, 12),
       (1545, '18/12/2020', 13, 12),
       (1546, '12/02/2020', 19, 9),
       (1547, '14/10/2020', 13, 35),
       (1548, '11/02/2020', 12, 3),
       (1549, '07/04/2020', 17, 8),
       (1550, '26/10/2020', 20, 29),
       (1551, '16/01/2020', 9, 40),
       (1552, '27/01/2020', 25, 16),
       (1553, '08/01/2020', 25, 20),
       (1554, '12/12/2020', 25, 35),
       (1555, '18/07/2020', 5, 45),
       (1556, '17/01/2020', 10, 12),
       (1557, '16/10/2020', 6, 10),
       (1558, '26/12/2020', 14, 52),
       (1559, '12/09/2020', 10, 13),
       (1560, '26/06/2020', 18, 16),
       (1561, '01/04/2020', 3, 28),
       (1562, '04/07/2020', 16, 21),
       (1563, '11/11/2020', 25, 16),
       (1564, '25/06/2020', 20, 2),
       (1565, '10/08/2020', 11, 42),
       (1566, '15/09/2020', 18, 45),
       (1567, '06/07/2020', 20, 4),
       (1568, '15/04/2020', 23, 22),
       (1569, '17/10/2020', 17, 11),
       (1570, '16/06/2020', 20, 26),
       (1571, '07/11/2020', 18, 45),
       (1572, '01/05/2020', 12, 18),
       (1573, '25/11/2020', 10, 17),
       (1574, '18/09/2020', 21, 8),
       (1575, '06/06/2020', 12, 11),
       (1576, '11/09/2020', 23, 26),
       (1577, '24/11/2020', 27, 8),
       (1578, '11/07/2020', 14, 43),
       (1579, '19/02/2020', 9, 26),
       (1580, '05/06/2020', 14, 5),
       (1581, '21/02/2020', 23, 42),
       (1582, '06/03/2020', 25, 12),
       (1583, '20/02/2020', 8, 30),
       (1584, '17/03/2020', 6, 5),
       (1585, '06/02/2020', 12, 42),
       (1586, '13/04/2020', 25, 18),
       (1587, '04/09/2020', 15, 44),
       (1588, '26/09/2020', 22, 10),
       (1589, '14/01/2020', 16, 24),
       (1590, '24/01/2020', 7, 45),
       (1591, '24/04/2020', 6, 24),
       (1592, '14/08/2020', 26, 52),
       (1593, '08/03/2020', 21, 7),
       (1594, '07/11/2020', 16, 4),
       (1595, '25/07/2020', 27, 36),
       (1596, '24/06/2020', 17, 18),
       (1597, '24/05/2020', 27, 21),
       (1598, '27/01/2020', 9, 19),
       (1599, '02/11/2020', 7, 52),
       (1600, '13/05/2020', 24, 10),
       (1601, '20/02/2020', 9, 48),
       (1602, '05/06/2020', 10, 18),
       (1603, '09/08/2020', 6, 18),
       (1604, '22/09/2020', 6, 19),
       (1605, '03/01/2020', 15, 31),
       (1606, '16/04/2020', 27, 49),
       (1607, '18/08/2020', 14, 15),
       (1608, '15/03/2020', 9, 47),
       (1609, '27/01/2020', 10, 23),
       (1610, '22/10/2020', 27, 16),
       (1611, '26/05/2020', 8, 5),
       (1612, '05/05/2020', 9, 28),
       (1613, '28/02/2020', 25, 7),
       (1614, '22/11/2020', 7, 31),
       (1615, '16/06/2020', 15, 48),
       (1616, '12/12/2020', 20, 47),
       (1617, '25/05/2020', 12, 51),
       (1618, '27/12/2020', 8, 38),
       (1619, '10/05/2020', 15, 52),
       (1620, '20/04/2020', 19, 20),
       (1621, '17/11/2020', 21, 14),
       (1622, '26/04/2020', 7, 32),
       (1623, '28/05/2020', 26, 20),
       (1624, '14/09/2020', 22, 43),
       (1625, '27/12/2020', 22, 38),
       (1626, '11/10/2020', 9, 7),
       (1627, '03/04/2020', 13, 41),
       (1628, '08/12/2020', 6, 2),
       (1629, '27/01/2020', 6, 12),
       (1630, '16/04/2020', 12, 45),
       (1631, '15/06/2020', 7, 8),
       (1632, '24/01/2020', 16, 27),
       (1633, '11/09/2020', 3, 14),
       (1634, '18/05/2020', 9, 13),
       (1635, '24/11/2020', 13, 49),
       (1636, '08/03/2020', 10, 17),
       (1637, '26/11/2020', 26, 36),
       (1638, '27/03/2020', 16, 35),
       (1639, '07/08/2020', 15, 38),
       (1640, '16/02/2020', 24, 13),
       (1641, '22/01/2020', 27, 4),
       (1642, '26/12/2020', 20, 29),
       (1643, '12/06/2020', 18, 28),
       (1644, '25/03/2020', 27, 43),
       (1645, '19/01/2020', 16, 40),
       (1646, '15/08/2020', 10, 51),
       (1647, '09/07/2020', 7, 5),
       (1648, '14/07/2020', 9, 11),
       (1649, '25/11/2020', 7, 19),
       (1650, '04/09/2020', 18, 10),
       (1651, '05/04/2020', 4, 44),
       (1652, '18/05/2020', 13, 20),
       (1653, '24/08/2020', 23, 48),
       (1654, '17/05/2020', 5, 45),
       (1655, '24/09/2020', 11, 16),
       (1656, '08/09/2020', 5, 51),
       (1657, '28/01/2020', 10, 33),
       (1658, '12/09/2020', 23, 42),
       (1659, '16/09/2020', 18, 22),
       (1660, '10/12/2020', 6, 20),
       (1661, '27/06/2020', 26, 52),
       (1662, '23/02/2020', 25, 12),
       (1663, '11/09/2020', 12, 43),
       (1664, '09/12/2020', 12, 34),
       (1665, '01/04/2020', 11, 10),
       (1666, '14/01/2020', 10, 29),
       (1667, '24/08/2020', 11, 40),
       (1668, '03/02/2020', 13, 51),
       (1669, '13/03/2020', 11, 48),
       (1670, '22/08/2020', 19, 39),
       (1671, '13/01/2020', 20, 44),
       (1672, '04/06/2020', 23, 13),
       (1673, '09/09/2020', 10, 8),
       (1674, '03/06/2020', 7, 33),
       (1675, '12/03/2020', 21, 30),
       (1676, '04/07/2020', 13, 12),
       (1677, '16/05/2020', 22, 22),
       (1678, '06/09/2020', 6, 34),
       (1679, '21/11/2020', 7, 38),
       (1680, '01/05/2020', 27, 5),
       (1681, '27/09/2020', 13, 32),
       (1682, '28/03/2020', 25, 9),
       (1683, '12/01/2020', 9, 48),
       (1684, '02/09/2020', 25, 42),
       (1685, '20/11/2020', 21, 35),
       (1686, '24/04/2020', 20, 19),
       (1687, '26/07/2020', 4, 32),
       (1688, '09/12/2020', 25, 15),
       (1689, '21/11/2020', 24, 4),
       (1690, '12/06/2020', 18, 34),
       (1691, '12/07/2020', 18, 46),
       (1692, '21/01/2020', 6, 32),
       (1693, '08/06/2020', 10, 36),
       (1694, '19/11/2020', 17, 23),
       (1695, '22/12/2020', 23, 26),
       (1696, '03/06/2020', 17, 22),
       (1697, '02/03/2020', 14, 52),
       (1698, '07/10/2020', 12, 38),
       (1699, '16/12/2020', 9, 48),
       (1700, '20/07/2020', 20, 41),
       (1701, '22/09/2020', 8, 44),
       (1702, '28/04/2020', 21, 36),
       (1703, '03/10/2020', 20, 34),
       (1704, '08/12/2020', 26, 52),
       (1705, '18/06/2020', 3, 50),
       (1706, '11/06/2020', 8, 7),
       (1707, '12/08/2020', 3, 49),
       (1708, '08/06/2020', 26, 9),
       (1709, '13/12/2020', 19, 35),
       (1710, '15/09/2020', 22, 32),
       (1711, '07/06/2020', 6, 17),
       (1712, '04/07/2020', 18, 5),
       (1713, '05/11/2020', 27, 25),
       (1714, '25/07/2020', 7, 6),
       (1715, '13/04/2020', 17, 12),
       (1716, '04/04/2020', 11, 15),
       (1717, '09/04/2020', 3, 45),
       (1718, '23/04/2020', 20, 21),
       (1719, '09/07/2020', 22, 14),
       (1720, '14/01/2020', 21, 12),
       (1721, '14/11/2020', 10, 27),
       (1722, '08/06/2020', 11, 13),
       (1723, '13/12/2020', 13, 13),
       (1724, '21/04/2020', 27, 44),
       (1725, '26/12/2020', 15, 35),
       (1726, '04/10/2020', 26, 9),
       (1727, '25/05/2020', 21, 12),
       (1728, '06/03/2020', 13, 18),
       (1729, '19/04/2020', 5, 25),
       (1730, '01/09/2020', 16, 45),
       (1731, '05/06/2020', 5, 2),
       (1732, '06/01/2020', 8, 38),
       (1733, '12/05/2020', 17, 47),
       (1734, '07/07/2020', 26, 49),
       (1735, '14/05/2020', 26, 4),
       (1736, '25/01/2020', 9, 30),
       (1737, '23/01/2020', 21, 30),
       (1738, '03/05/2020', 19, 7),
       (1739, '25/12/2020', 7, 27),
       (1740, '16/09/2020', 25, 17),
       (1741, '03/02/2020', 19, 41),
       (1742, '20/03/2020', 5, 52),
       (1743, '14/06/2020', 10, 45),
       (1744, '23/07/2020', 7, 12),
       (1745, '18/12/2020', 13, 12),
       (1746, '12/02/2020', 19, 9),
       (1747, '14/10/2020', 13, 35),
       (1748, '11/02/2020', 12, 3),
       (1749, '07/04/2020', 17, 8),
       (1750, '26/10/2020', 20, 29),
       (1751, '16/01/2020', 9, 40),
       (1752, '27/01/2020', 25, 16),
       (1753, '08/01/2020', 25, 20),
       (1754, '12/12/2020', 25, 35),
       (1755, '18/07/2020', 5, 45),
       (1756, '17/01/2020', 10, 12),
       (1757, '16/10/2020', 6, 10),
       (1758, '26/12/2020', 14, 52),
       (1759, '12/09/2020', 10, 13),
       (1760, '26/06/2020', 18, 16),
       (1761, '01/04/2020', 3, 28),
       (1762, '04/07/2020', 16, 21),
       (1763, '11/11/2020', 25, 16),
       (1764, '25/06/2020', 20, 2),
       (1765, '10/08/2020', 11, 42),
       (1766, '15/09/2020', 18, 45),
       (1767, '06/07/2020', 20, 4),
       (1768, '15/04/2020', 23, 22),
       (1769, '17/10/2020', 17, 11),
       (1770, '16/06/2020', 20, 26),
       (1771, '07/11/2020', 18, 45),
       (1772, '01/05/2020', 12, 18),
       (1773, '25/11/2020', 10, 17),
       (1774, '18/09/2020', 21, 8),
       (1775, '06/06/2020', 12, 11),
       (1776, '11/09/2020', 23, 26),
       (1777, '24/11/2020', 27, 8),
       (1778, '11/07/2020', 14, 43),
       (1779, '19/02/2020', 9, 26),
       (1780, '05/06/2020', 14, 5),
       (1781, '21/02/2020', 23, 42),
       (1782, '06/03/2020', 25, 12),
       (1783, '20/02/2020', 8, 30),
       (1784, '17/03/2020', 6, 5),
       (1785, '06/02/2020', 12, 42),
       (1786, '13/04/2020', 25, 18),
       (1787, '04/09/2020', 15, 44),
       (1788, '26/09/2020', 22, 10),
       (1789, '14/01/2020', 16, 24),
       (1790, '24/01/2020', 7, 45),
       (1791, '24/04/2020', 6, 24),
       (1792, '14/08/2020', 26, 52),
       (1793, '08/03/2020', 21, 7),
       (1794, '07/11/2020', 16, 4),
       (1795, '25/07/2020', 27, 36),
       (1796, '24/06/2020', 17, 18),
       (1797, '24/05/2020', 27, 21),
       (1798, '27/01/2020', 9, 19),
       (1799, '02/11/2020', 7, 52),
       (1800, '13/05/2020', 24, 10),
       (1801, '20/02/2020', 9, 48),
       (1802, '05/06/2020', 10, 18),
       (1803, '09/08/2020', 6, 18),
       (1804, '22/09/2020', 6, 19),
       (1805, '03/01/2020', 15, 31),
       (1806, '16/04/2020', 27, 49),
       (1807, '18/08/2020', 14, 15),
       (1808, '15/03/2020', 9, 47),
       (1809, '27/01/2020', 10, 23),
       (1810, '22/10/2020', 27, 16),
       (1811, '26/05/2020', 8, 5),
       (1812, '05/05/2020', 9, 28),
       (1813, '28/02/2020', 25, 7),
       (1814, '22/11/2020', 7, 31),
       (1815, '16/06/2020', 15, 48),
       (1816, '12/12/2020', 20, 47),
       (1817, '25/05/2020', 12, 51),
       (1818, '27/12/2020', 8, 38),
       (1819, '10/05/2020', 15, 52),
       (1820, '20/04/2020', 19, 20),
       (1821, '17/11/2020', 21, 14),
       (1822, '26/04/2020', 7, 32),
       (1823, '28/05/2020', 26, 20),
       (1824, '14/09/2020', 22, 43),
       (1825, '27/12/2020', 22, 38),
       (1826, '11/10/2020', 9, 7),
       (1827, '03/04/2020', 13, 41),
       (1828, '08/12/2020', 6, 2),
       (1829, '27/01/2020', 6, 12),
       (1830, '16/04/2020', 12, 45),
       (1831, '15/06/2020', 7, 8),
       (1832, '24/01/2020', 16, 27),
       (1833, '11/09/2020', 3, 14),
       (1834, '18/05/2020', 9, 13),
       (1835, '24/11/2020', 13, 49),
       (1836, '08/03/2020', 10, 17),
       (1837, '26/11/2020', 26, 36),
       (1838, '27/03/2020', 16, 35),
       (1839, '07/08/2020', 15, 38),
       (1840, '16/02/2020', 24, 13),
       (1841, '22/01/2020', 27, 4),
       (1842, '26/12/2020', 20, 29),
       (1843, '12/06/2020', 18, 28),
       (1844, '25/03/2020', 27, 43),
       (1845, '19/01/2020', 16, 40),
       (1846, '15/08/2020', 10, 51),
       (1847, '09/07/2020', 7, 5),
       (1848, '14/07/2020', 9, 11),
       (1849, '25/11/2020', 7, 19),
       (1850, '04/09/2020', 18, 10),
       (1851, '05/04/2020', 4, 44),
       (1852, '18/05/2020', 13, 20),
       (1853, '24/08/2020', 23, 48);
INSERT INTO `product_count` (`id`, `date`, `frequency`, `productvo`)
VALUES (1854, '17/05/2020', 5, 45),
       (1855, '24/09/2020', 11, 16),
       (1856, '08/09/2020', 5, 51),
       (1857, '28/01/2020', 10, 33),
       (1858, '12/09/2020', 23, 42),
       (1859, '16/09/2020', 18, 22),
       (1860, '10/12/2020', 6, 20),
       (1861, '27/06/2020', 26, 52),
       (1862, '23/02/2020', 25, 12),
       (1863, '11/09/2020', 12, 43),
       (1864, '09/12/2020', 12, 34),
       (1865, '01/04/2020', 11, 10),
       (1866, '14/01/2020', 10, 29),
       (1867, '24/08/2020', 11, 40),
       (1868, '03/02/2020', 13, 51),
       (1869, '13/03/2020', 11, 48),
       (1870, '22/08/2020', 19, 39),
       (1871, '13/01/2020', 20, 44),
       (1872, '04/06/2020', 23, 13),
       (1873, '09/09/2020', 10, 8),
       (1874, '03/06/2020', 7, 33),
       (1875, '12/03/2020', 21, 30),
       (1876, '04/07/2020', 13, 12),
       (1877, '16/05/2020', 22, 22),
       (1878, '06/09/2020', 6, 34),
       (1879, '21/11/2020', 7, 38),
       (1880, '01/05/2020', 27, 5),
       (1881, '27/09/2020', 13, 32),
       (1882, '28/03/2020', 25, 9),
       (1883, '12/01/2020', 9, 48),
       (1884, '02/09/2020', 25, 42),
       (1885, '20/11/2020', 21, 35),
       (1886, '24/04/2020', 20, 19),
       (1887, '26/07/2020', 4, 32),
       (1888, '09/12/2020', 25, 15),
       (1889, '21/11/2020', 24, 4),
       (1890, '12/06/2020', 18, 34),
       (1891, '12/07/2020', 18, 46),
       (1892, '21/01/2020', 6, 32),
       (1893, '08/06/2020', 10, 36),
       (1894, '19/11/2020', 17, 23),
       (1895, '22/12/2020', 23, 26),
       (1896, '03/06/2020', 17, 22),
       (1897, '02/03/2020', 14, 52),
       (1898, '07/10/2020', 12, 38),
       (1899, '16/12/2020', 9, 48),
       (1900, '20/07/2020', 20, 41),
       (1901, '22/09/2020', 8, 44),
       (1902, '28/04/2020', 21, 36),
       (1903, '03/10/2020', 20, 34),
       (1904, '08/12/2020', 26, 52),
       (1905, '18/06/2020', 3, 50),
       (1906, '11/06/2020', 8, 7),
       (1907, '12/08/2020', 3, 49),
       (1908, '08/06/2020', 26, 9),
       (1909, '13/12/2020', 19, 35),
       (1910, '15/09/2020', 22, 32),
       (1911, '07/06/2020', 6, 17),
       (1912, '04/07/2020', 18, 5),
       (1913, '05/11/2020', 27, 25),
       (1914, '25/07/2020', 7, 6),
       (1915, '13/04/2020', 17, 12),
       (1916, '04/04/2020', 11, 15),
       (1917, '09/04/2020', 3, 45),
       (1918, '23/04/2020', 20, 21),
       (1919, '09/07/2020', 22, 14),
       (1920, '14/01/2020', 21, 12),
       (1921, '14/11/2020', 10, 27),
       (1922, '08/06/2020', 11, 13),
       (1923, '13/12/2020', 13, 13),
       (1924, '21/04/2020', 27, 44),
       (1925, '26/12/2020', 15, 35),
       (1926, '04/10/2020', 26, 9),
       (1927, '25/05/2020', 21, 12),
       (1928, '06/03/2020', 13, 18),
       (1929, '19/04/2020', 5, 25),
       (1930, '01/09/2020', 16, 45),
       (1931, '05/06/2020', 5, 2),
       (1932, '06/01/2020', 8, 38),
       (1933, '12/05/2020', 17, 47),
       (1934, '07/07/2020', 26, 49),
       (1935, '14/05/2020', 26, 4),
       (1936, '25/01/2020', 9, 30),
       (1937, '23/01/2020', 21, 30),
       (1938, '03/05/2020', 19, 7),
       (1939, '25/12/2020', 7, 27),
       (1940, '16/09/2020', 25, 17),
       (1941, '03/02/2020', 19, 41),
       (1942, '20/03/2020', 5, 52),
       (1943, '14/06/2020', 10, 45),
       (1944, '23/07/2020', 7, 12),
       (1945, '18/12/2020', 13, 12),
       (1946, '12/02/2020', 19, 9),
       (1947, '14/10/2020', 13, 35),
       (1948, '11/02/2020', 12, 3),
       (1949, '07/04/2020', 17, 8),
       (1950, '26/10/2020', 20, 29),
       (1951, '16/01/2020', 9, 40),
       (1952, '27/01/2020', 25, 16),
       (1953, '08/01/2020', 25, 20),
       (1954, '12/12/2020', 25, 35),
       (1955, '18/07/2020', 5, 45),
       (1956, '17/01/2020', 10, 12),
       (1957, '16/10/2020', 6, 10),
       (1958, '26/12/2020', 14, 52),
       (1959, '12/09/2020', 10, 13),
       (1960, '26/06/2020', 18, 16),
       (1961, '01/04/2020', 3, 28),
       (1962, '04/07/2020', 16, 21),
       (1963, '11/11/2020', 25, 16),
       (1964, '25/06/2020', 20, 2),
       (1965, '10/08/2020', 11, 42),
       (1966, '15/09/2020', 18, 45),
       (1967, '06/07/2020', 20, 4),
       (1968, '15/04/2020', 23, 22),
       (1969, '17/10/2020', 17, 11),
       (1970, '16/06/2020', 20, 26),
       (1971, '07/11/2020', 18, 45),
       (1972, '01/05/2020', 12, 18),
       (1973, '25/11/2020', 10, 17),
       (1974, '18/09/2020', 21, 8),
       (1975, '06/06/2020', 12, 11),
       (1976, '11/09/2020', 23, 26),
       (1977, '24/11/2020', 27, 8),
       (1978, '11/07/2020', 14, 43),
       (1979, '19/02/2020', 9, 26),
       (1980, '05/06/2020', 14, 5),
       (1981, '21/02/2020', 23, 42),
       (1982, '06/03/2020', 25, 12),
       (1983, '20/02/2020', 8, 30),
       (1984, '17/03/2020', 6, 5),
       (1985, '06/02/2020', 12, 42),
       (1986, '13/04/2020', 25, 18),
       (1987, '04/09/2020', 15, 44),
       (1988, '26/09/2020', 22, 10),
       (1989, '14/01/2020', 16, 24),
       (1990, '24/01/2020', 7, 45),
       (1991, '24/04/2020', 6, 24),
       (1992, '14/08/2020', 26, 52),
       (1993, '08/03/2020', 21, 7),
       (1994, '07/11/2020', 16, 4),
       (1995, '25/07/2020', 27, 36),
       (1996, '24/06/2020', 17, 18),
       (1997, '24/05/2020', 27, 21),
       (1998, '27/01/2020', 9, 19),
       (1999, '02/11/2020', 7, 52),
       (2000, '13/05/2020', 24, 10),
       (2001, '20/02/2020', 9, 48),
       (2002, '05/06/2020', 10, 18),
       (2003, '09/08/2020', 6, 18),
       (2004, '22/09/2020', 6, 19),
       (2005, '03/01/2020', 15, 31),
       (2006, '16/04/2020', 27, 49),
       (2007, '18/08/2020', 14, 15),
       (2008, '15/03/2020', 9, 47),
       (2009, '27/01/2020', 10, 23),
       (2010, '22/10/2020', 27, 16),
       (2011, '26/05/2020', 8, 5),
       (2012, '05/05/2020', 9, 28),
       (2013, '28/02/2020', 25, 7),
       (2014, '22/11/2020', 7, 31),
       (2015, '16/06/2020', 15, 48),
       (2016, '12/12/2020', 20, 47),
       (2017, '25/05/2020', 12, 51),
       (2018, '27/12/2020', 8, 38),
       (2019, '10/05/2020', 15, 52),
       (2020, '20/04/2020', 19, 20),
       (2021, '17/11/2020', 21, 14),
       (2022, '26/04/2020', 7, 32),
       (2023, '28/05/2020', 26, 20),
       (2024, '14/09/2020', 22, 43),
       (2025, '27/12/2020', 22, 38),
       (2026, '11/10/2020', 9, 7),
       (2027, '03/04/2020', 13, 41),
       (2028, '08/12/2020', 6, 2),
       (2029, '27/01/2020', 6, 12),
       (2030, '16/04/2020', 12, 45),
       (2031, '15/06/2020', 7, 8),
       (2032, '24/01/2020', 16, 27),
       (2033, '11/09/2020', 3, 14),
       (2034, '18/05/2020', 9, 13),
       (2035, '24/11/2020', 13, 49),
       (2036, '08/03/2020', 10, 17),
       (2037, '26/11/2020', 26, 36),
       (2038, '27/03/2020', 16, 35),
       (2039, '07/08/2020', 15, 38),
       (2040, '16/02/2020', 24, 13),
       (2041, '22/01/2020', 27, 4),
       (2042, '26/12/2020', 20, 29),
       (2043, '12/06/2020', 18, 28),
       (2044, '25/03/2020', 27, 43),
       (2045, '19/01/2020', 16, 40),
       (2046, '15/08/2020', 10, 51),
       (2047, '09/07/2020', 7, 5),
       (2048, '14/07/2020', 9, 11),
       (2049, '25/11/2020', 7, 19),
       (2050, '04/09/2020', 18, 10),
       (2051, '05/04/2020', 4, 44),
       (2052, '18/05/2020', 13, 20),
       (2053, '24/08/2020', 23, 48),
       (2054, '17/05/2020', 5, 45),
       (2055, '11/09/2020', 14, 51),
       (2056, '21/05/2020', 11, 50),
       (2057, '05/11/2020', 13, 20),
       (2058, '20/05/2020', 18, 25),
       (2059, '07/01/2020', 24, 24),
       (2060, '04/05/2020', 13, 7),
       (2061, '25/12/2020', 13, 43),
       (2062, '10/02/2020', 25, 16),
       (2063, '24/12/2020', 3, 42),
       (2064, '20/10/2020', 18, 14),
       (2065, '26/10/2020', 7, 34),
       (2066, '12/01/2020', 26, 23),
       (2067, '02/10/2020', 15, 4),
       (2068, '08/07/2020', 10, 34),
       (2069, '22/05/2020', 4, 23),
       (2070, '20/08/2020', 5, 4),
       (2071, '15/03/2020', 25, 24),
       (2072, '13/10/2020', 4, 24),
       (2073, '01/01/2020', 10, 41),
       (2074, '02/06/2020', 15, 13),
       (2075, '06/04/2020', 26, 40),
       (2076, '22/02/2020', 3, 46),
       (2077, '09/07/2020', 7, 22),
       (2078, '26/12/2020', 23, 20),
       (2079, '16/05/2020', 12, 22),
       (2080, '02/05/2020', 10, 11),
       (2081, '28/04/2020', 27, 43),
       (2082, '09/03/2020', 13, 21),
       (2083, '05/10/2020', 18, 6),
       (2084, '03/07/2020', 15, 3),
       (2085, '05/12/2020', 5, 48),
       (2086, '28/07/2020', 3, 51),
       (2087, '12/01/2020', 20, 41),
       (2088, '23/08/2020', 21, 6),
       (2089, '26/03/2020', 25, 35),
       (2090, '14/05/2020', 19, 48),
       (2091, '13/02/2020', 24, 44),
       (2092, '18/02/2020', 21, 13),
       (2093, '06/10/2020', 9, 45),
       (2094, '13/04/2020', 5, 23),
       (2095, '09/09/2020', 4, 32),
       (2096, '10/11/2020', 9, 22),
       (2097, '07/02/2020', 25, 44),
       (2098, '25/03/2020', 5, 39),
       (2099, '17/07/2020', 20, 3),
       (2100, '12/02/2020', 11, 33),
       (2101, '12/03/2020', 3, 13),
       (2102, '18/04/2020', 12, 23),
       (2103, '09/08/2020', 23, 38),
       (2104, '25/09/2020', 24, 6),
       (2105, '15/09/2020', 13, 19),
       (2106, '05/05/2020', 5, 36),
       (2107, '17/09/2020', 6, 44),
       (2108, '05/03/2020', 14, 27),
       (2109, '27/10/2020', 26, 47),
       (2110, '27/11/2020', 18, 13),
       (2111, '06/06/2020', 11, 44),
       (2112, '24/11/2020', 12, 9),
       (2113, '15/05/2020', 10, 46),
       (2114, '27/09/2020', 6, 31),
       (2115, '10/12/2020', 18, 49),
       (2116, '13/10/2020', 21, 20),
       (2117, '20/07/2020', 15, 26),
       (2118, '27/12/2020', 19, 25),
       (2119, '10/11/2020', 6, 15),
       (2120, '05/04/2020', 17, 39),
       (2121, '25/04/2020', 20, 6),
       (2122, '14/01/2020', 20, 13),
       (2123, '10/08/2020', 14, 25),
       (2124, '23/11/2020', 9, 18),
       (2125, '05/05/2020', 18, 47),
       (2126, '27/11/2020', 8, 4),
       (2127, '08/11/2020', 16, 41),
       (2128, '06/05/2020', 21, 40),
       (2129, '27/03/2020', 10, 41),
       (2130, '04/01/2020', 21, 51),
       (2131, '07/09/2020', 9, 29),
       (2132, '28/05/2020', 21, 3),
       (2133, '12/02/2020', 14, 21),
       (2134, '15/05/2020', 18, 2),
       (2135, '04/02/2020', 17, 7),
       (2136, '19/06/2020', 25, 50),
       (2137, '20/11/2020', 14, 28),
       (2138, '23/10/2020', 5, 3),
       (2139, '16/10/2020', 12, 39),
       (2140, '03/04/2020', 26, 50),
       (2141, '08/09/2020', 10, 13),
       (2142, '10/06/2020', 4, 43),
       (2143, '03/08/2020', 20, 37),
       (2144, '14/09/2020', 14, 31),
       (2145, '24/06/2020', 22, 18),
       (2146, '15/03/2020', 16, 45),
       (2147, '21/09/2020', 5, 4),
       (2148, '17/09/2020', 8, 12),
       (2149, '13/06/2020', 3, 50),
       (2150, '05/05/2020', 18, 37),
       (2151, '23/01/2020', 25, 46),
       (2152, '21/01/2020', 15, 39),
       (2153, '19/05/2020', 12, 39),
       (2154, '01/05/2020', 20, 5),
       (2155, '10/05/2020', 21, 30),
       (2156, '10/08/2020', 12, 12),
       (2157, '23/09/2020', 26, 39),
       (2158, '19/03/2020', 16, 6),
       (2159, '26/09/2020', 3, 23),
       (2160, '04/08/2020', 9, 34),
       (2161, '01/01/2020', 7, 14),
       (2162, '09/11/2020', 21, 10),
       (2163, '23/11/2020', 25, 24),
       (2164, '13/04/2020', 19, 39),
       (2165, '11/10/2020', 18, 42),
       (2166, '02/11/2020', 10, 18),
       (2167, '27/04/2020', 13, 37),
       (2168, '20/10/2020', 3, 49),
       (2169, '07/04/2020', 9, 52),
       (2170, '27/02/2020', 26, 34),
       (2171, '08/01/2020', 10, 51),
       (2172, '12/06/2020', 20, 5),
       (2173, '19/05/2020', 9, 21),
       (2174, '03/06/2020', 25, 29),
       (2175, '18/06/2020', 18, 47),
       (2176, '17/04/2020', 10, 12),
       (2177, '15/04/2020', 13, 30),
       (2178, '06/02/2020', 21, 24),
       (2179, '14/08/2020', 19, 46),
       (2180, '08/05/2020', 18, 48),
       (2181, '21/10/2020', 25, 28),
       (2182, '05/07/2020', 18, 24),
       (2183, '03/03/2020', 19, 43),
       (2184, '15/02/2020', 4, 22),
       (2185, '27/03/2020', 5, 5),
       (2186, '27/02/2020', 5, 46),
       (2187, '08/08/2020', 22, 41),
       (2188, '12/02/2020', 22, 46),
       (2189, '20/01/2020', 22, 51),
       (2190, '10/07/2020', 5, 10),
       (2191, '14/03/2020', 27, 15),
       (2192, '05/11/2020', 21, 48),
       (2193, '18/03/2020', 25, 21),
       (2194, '01/11/2020', 5, 38),
       (2195, '21/09/2020', 3, 24),
       (2196, '06/01/2020', 8, 36),
       (2197, '16/02/2020', 25, 16),
       (2198, '27/01/2020', 16, 29),
       (2199, '12/06/2020', 23, 22),
       (2200, '08/11/2020', 11, 6),
       (2201, '20/06/2020', 8, 10),
       (2202, '02/08/2020', 20, 22),
       (2203, '20/03/2020', 26, 3),
       (2204, '22/04/2020', 19, 32),
       (2205, '13/01/2020', 7, 25),
       (2206, '20/02/2020', 5, 24),
       (2207, '27/08/2020', 22, 48),
       (2208, '16/08/2020', 5, 24),
       (2209, '14/02/2020', 6, 5),
       (2210, '19/01/2020', 3, 20),
       (2211, '18/06/2020', 6, 14),
       (2212, '14/02/2020', 10, 6),
       (2213, '04/10/2020', 3, 28),
       (2214, '16/02/2020', 16, 26),
       (2215, '21/02/2020', 27, 40),
       (2216, '24/11/2020', 15, 47),
       (2217, '22/05/2020', 22, 5),
       (2218, '03/07/2020', 25, 27),
       (2219, '24/11/2020', 14, 7),
       (2220, '20/05/2020', 20, 47),
       (2221, '15/01/2020', 20, 27),
       (2222, '15/03/2020', 27, 47),
       (2223, '17/10/2020', 27, 34),
       (2224, '05/10/2020', 21, 22),
       (2225, '06/09/2020', 5, 36),
       (2226, '20/06/2020', 15, 12),
       (2227, '03/12/2020', 13, 42),
       (2228, '24/09/2020', 12, 36),
       (2229, '24/06/2020', 3, 36),
       (2230, '07/04/2020', 20, 43),
       (2231, '27/05/2020', 11, 5),
       (2232, '14/05/2020', 24, 25),
       (2233, '16/05/2020', 13, 14),
       (2234, '15/05/2020', 13, 31),
       (2235, '13/06/2020', 21, 44),
       (2236, '24/07/2020', 12, 29),
       (2237, '22/09/2020', 5, 6),
       (2238, '22/11/2020', 10, 51),
       (2239, '19/04/2020', 5, 51),
       (2240, '12/03/2020', 15, 17),
       (2241, '18/09/2020', 16, 25),
       (2242, '11/09/2020', 27, 37),
       (2243, '24/10/2020', 7, 2),
       (2244, '10/03/2020', 18, 19),
       (2245, '09/03/2020', 6, 9),
       (2246, '13/08/2020', 15, 52),
       (2247, '22/01/2020', 19, 40),
       (2248, '15/05/2020', 8, 50),
       (2249, '03/04/2020', 20, 13),
       (2250, '25/05/2020', 26, 5),
       (2251, '03/10/2020', 6, 11),
       (2252, '14/12/2020', 7, 11),
       (2253, '13/06/2020', 5, 12),
       (2254, '27/05/2020', 22, 41),
       (2255, '12/04/2020', 1, 2),
       (2256, '14/04/2020', 2, 48),
       (2257, '14/04/2020', 1, 18),
       (2258, '19/04/2020', 1, 24),
       (2259, '19/04/2020', 1, 48),
       (2260, '19/04/2020', 1, 40),
       (2261, '19/04/2020', 1, 19),
       (2262, '19/04/2020', 1, 18);

-- --------------------------------------------------------

--
-- Table structure for table `product_table`
--

DROP TABLE IF EXISTS `product_table`;
CREATE TABLE IF NOT EXISTS `product_table`
(
    `id` int
(
    11
) NOT NULL AUTO_INCREMENT,
    `product_description` varchar
(
    255
) DEFAULT NULL,
    `product_name` varchar
(
    255
) DEFAULT NULL,
    `product_price` varchar
(
    255
) DEFAULT NULL,
    `product_weight` varchar
(
    255
) DEFAULT NULL,
    `status` bit
(
    1
) DEFAULT NULL,
    `branchVO` int
(
    11
) DEFAULT NULL,
    `categoryVO` int
(
    11
) DEFAULT NULL,
    `subCategoryVO` int
(
    11
) DEFAULT NULL,
    `product_quantity` varchar
(
    255
) DEFAULT NULL,
    `product_file_name` varchar
(
    255
) DEFAULT NULL,
    `product_file_path` varchar
(
    255
) DEFAULT NULL,
    PRIMARY KEY
(
    `id`
),
    KEY `FKb80k7dw0gmouj1o0nu1bsl73n`
(
    `branchVO`
),
    KEY `FKg3rtm27uqn6ias97ts0x8lkjn`
(
    `categoryVO`
),
    KEY `FK51air943fmlbicv5f36r8janf`
(
    `subCategoryVO`
)
    ) ENGINE=InnoDB AUTO_INCREMENT=53 DEFAULT CHARSET=latin1;

--
-- Dumping data for table `product_table`
--

INSERT INTO `product_table` (`id`, `product_description`, `product_name`, `product_price`, `product_weight`, `status`,
                             `branchVO`, `categoryVO`, `subCategoryVO`, `product_quantity`, `product_file_name`,
                             `product_file_path`)
VALUES (2, 'It is a biscuit which contains a high amount of glucose.', 'Parle-G', '10.0', '100gms', b'1', 1, 1, 1, '3',
        '\\Parle-G.jpg', 'D:\\Imp\\projectworkspace\\SWAAP\\src\\main\\webapp\\product'),
       (3, 'This biscuits are crunchy and salty.', 'Monaco', '20.0', '100gms', b'1', 1, 1, 1, '8', '\\Monaco.jpg',
        'D:\\Imp\\projectworkspace\\SWAAP\\src\\main\\webapp\\product'),
       (4, 'This biscuits re sweet in taste.', 'Krack-Jack', '10.0', '100gms', b'1', 1, 1, 1, '18', '\\Krack-Jack.jpg',
        'D:\\Imp\\projectworkspace\\SWAAP\\src\\main\\webapp\\product'),
       (5,
        'Bournvita is a malted chocolate drink mix that can be enjoyed piping hot or deliciously cold. Try blending bournvita with milk and ice cream to make a chocolate milkshake that is delectable and nutritious.',
        'Bournvita', '500.0', '1 kg', b'1', 1, 1, 2, '48', '\\Bournvita.jpg',
        'D:\\Imp\\projectworkspace\\SWAAP\\src\\main\\webapp\\product'),
       (6, 'A range of tasty drinks and products full of extra nourishment to supplement your diet.', 'Complain',
        '300.0', '1 kg', b'1', 1, 1, 2, '10', '\\Complain.jpg',
        'D:\\Imp\\projectworkspace\\SWAAP\\src\\main\\webapp\\product'),
       (7, 'Horlicks is a sweet malted milk hot drink powder .', 'Horlicks', '450.0', '1 kg', b'1', 1, 1, 2, '50',
        '\\Horlicks.jpg', 'D:\\Imp\\projectworkspace\\SWAAP\\src\\main\\webapp\\product'),
       (8, 'The mung bean, alternatively known as the green gram or moong is a plant species in the legume family.',
        'Green-Gram', '20.0', '1 kg', b'1', 1, 1, 3, '10', '\\Green-Gram.jpg',
        'D:\\Imp\\projectworkspace\\SWAAP\\src\\main\\webapp\\product'),
       (9,
        'Red kidney beans are rich in protein and nutrients. They fill you up. When dried, they can be stored for one year. ',
        'Red Kidney Beans', '30.0', '1 kg', b'1', 1, 1, 3, '10', '\\Red Kidney Beans.jpg',
        'D:\\Imp\\projectworkspace\\SWAAP\\src\\main\\webapp\\product'),
       (10,
        'As a cereal grain, it is the most widely consumed staple food for a large part of the world\'s human population,
        especially in Asia.', 'Rice', '50.0', '1 kg', b'1', 1, 1, 3, '10', '\\Rice.jpg', 'D:\\Imp\\projectworkspace\\SWAAP\\src\\main\\webapp\\product'),
(11, 'As a cereal grain, it is
                         the most widely consumed staple food for a large part of the world\'s human population, especially in Asia.',
        'Wheat', '75.0', '1 kg', b'1', 1, 1, 3, '10', '\\Wheat.jpg',
        'D:\\Imp\\projectworkspace\\SWAAP\\src\\main\\webapp\\product'),
       (12,
        'Cabbage is a leafy green, red (purple), or white (pale green) biennial plant grown as an annual vegetable crop for its dense-leaved heads.',
        'Cabbage', '20.0', '1 kg', b'1', 1, 1, 4, '10', '\\Cabbage.jpg',
        'D:\\Imp\\projectworkspace\\SWAAP\\src\\main\\webapp\\product'),
       (13,
        'Cauliflower is one of several vegetables in the species Brassica oleracea in the genus Brassica, which is in the family Brassicaceae. It is an annual plant that reproduces by seed.',
        'Cauliflower', '25.0', '1 kg', b'1', 1, 1, 4, '10', '\\Cauliflower.jpg',
        'D:\\Imp\\projectworkspace\\SWAAP\\src\\main\\webapp\\product'),
       (14,
        'The tomato is the edible, often red, berry of the plant Solanum lycopersicum, commonly known as a tomato plant. ',
        'Tomato', '15.0', '1 kg', b'1', 1, 1, 4, '10', '\\Tomato.jpg',
        'D:\\Imp\\projectworkspace\\SWAAP\\src\\main\\webapp\\product'),
       (15,
        'Grapes can be eaten fresh as table grapes or they can be used for making wine, jam, grape juice, jelly, grape seed extract, raisins, vinegar, and grape seed oil.',
        'Grapes', '50.0', '1 kg', b'1', 1, 1, 5, '10', '\\Grapes.jpg',
        'D:\\Imp\\projectworkspace\\SWAAP\\src\\main\\webapp\\product'),
       (16, 'Papaya is rich in fibre, Vitamin C and antioxidants which prevent cholesterol build up in your arteries. ',
        'Papaya', '20.0', '1 kg', b'1', 1, 1, 5, '10', '\\Papaya.jpg',
        'D:\\Imp\\projectworkspace\\SWAAP\\src\\main\\webapp\\product'),
       (17, 'Pomegranate is a widely used plant having medicinal properties. ', 'Pomegranate', '30.0', '1 kg', b'1', 1,
        1, 5, '10', '\\Pomegranate.jpg', 'D:\\Imp\\projectworkspace\\SWAAP\\src\\main\\webapp\\product'),
       (18, 'Round neck t-shirt', 'Levis-tshirt', '329.0', '200gms', b'1', 1, 2, 6, '7', '\\Levis-tshirt.jpg',
        'D:\\Imp\\projectworkspace\\SWAAP\\src\\main\\webapp\\product'),
       (19, 'Collar t-shirt', 'U.S.Polo', '599.0', '250gms', b'1', 1, 2, 6, '8', '\\U.S.Polo.jpg',
        'D:\\Imp\\projectworkspace\\SWAAP\\src\\main\\webapp\\product'),
       (20, 'Sports t-shirt', 'Adidas', '699.0', '200gms', b'1', 1, 2, 6, '10', '\\Adidas.jpg',
        'D:\\Imp\\projectworkspace\\SWAAP\\src\\main\\webapp\\product'),
       (21, 'Round neck t-shirt', 'Bewakoof t-shirt', '399.0', '200gms', b'1', 1, 2, 7, '9', '\\Bewakoof t-shirt.jpg',
        'D:\\Imp\\projectworkspace\\SWAAP\\src\\main\\webapp\\product'),
       (22, 'Full sleevs t-shirt', 'Wrangler', '499.0', '250gms', b'1', 1, 2, 7, '8', '\\Wrangler.jpg',
        'D:\\Imp\\projectworkspace\\SWAAP\\src\\main\\webapp\\product'),
       (23, 'half sleeve tshirt', 'Babyhug', '299.0', '100gms', b'1', 1, 2, 8, '8', '\\Babyhug.jpg',
        'D:\\Imp\\projectworkspace\\SWAAP\\src\\main\\webapp\\product'),
       (24, 'They are very light to wear.', 'silver bangles', '60.0', '300gms', b'1', 1, 3, 9, '9',
        '\\silver bangles.jpg', 'D:\\Imp\\projectworkspace\\SWAAP\\src\\main\\webapp\\product'),
       (25, 'It can go with any clothes.', 'Three piece necklace', '100.0', '50gms', b'1', 1, 3, 10, '8',
        '\\Three piece necklace.jpg', 'D:\\Imp\\projectworkspace\\SWAAP\\src\\main\\webapp\\product'),
       (26, 'It can go with traditional as well as  western outfit.', 'Silver earrings', '70.0', '100gms', b'1', 1, 3,
        11, '10', '\\Silver earrings.jpg', 'D:\\Imp\\projectworkspace\\SWAAP\\src\\main\\webapp\\product'),
       (27, 'Apple product.', 'iPhone 11', '35000.0', '600gms', b'1', 1, 4, 12, '10', '\\iPhone 11.jpg',
        'D:\\Imp\\projectworkspace\\SWAAP\\src\\main\\webapp\\product'),
       (28, 'It is very useful for students.', 'HP laptop', '50000.0', '1.5kg', b'1', 1, 4, 13, '10', '\\HP laptop.jpg',
        'D:\\Imp\\projectworkspace\\SWAAP\\src\\main\\webapp\\product'),
       (29, 'It is very affordable and light weight.', 'Samsung Mobile', '15990.0', '300gms', b'1', 1, 4, 12, '10',
        '\\Samsung Mobile.jpg', 'D:\\Imp\\projectworkspace\\SWAAP\\src\\main\\webapp\\product'),
       (30, 'It is very usefulfor professional purpose', 'Dell Laptops', '36000.0', '1.5kg', b'1', 1, 4, 13, '10',
        '\\Dell Laptops.jpg', 'D:\\Imp\\projectworkspace\\SWAAP\\src\\main\\webapp\\product'),
       (31, 'It chops properly.', 'Philips', '3000.0', '1 kg', b'1', 1, 5, 14, '10', '\\Philips.jpg',
        'D:\\Imp\\projectworkspace\\SWAAP\\src\\main\\webapp\\product'),
       (32,
        'Maharaja Whiteline Mixer Grinder is a must-have for every homemaker. Our best mixer grinder gives you reliable performance and confidence to do multiple things.',
        'Maharaja', '3500.0', '500gms', b'1', 1, 5, 14, '10', '\\Maharaja.jpg',
        'D:\\Imp\\projectworkspace\\SWAAP\\src\\main\\webapp\\product'),
       (33, 'Gala Spin mop with easy wheels and bucket for magic 360 degree cleaning (with 2 refills).', 'Gala',
        '999.0', '1.5kg', b'1', 1, 5, 15, '10', '\\Gala.jpg',
        'D:\\Imp\\projectworkspace\\SWAAP\\src\\main\\webapp\\product'),
       (34,
        'It is used to soak up liquid, for cleaning floors and other surfaces, to mop up dust, or for other cleaning purposes.',
        'Milton', '1199.0', '1 kg', b'1', 1, 5, 15, '10', '\\Milton.jpg',
        'D:\\Imp\\projectworkspace\\SWAAP\\src\\main\\webapp\\product'),
       (35,
        'Prestige Induction Cooktop PIC 26.0 is one more addition to its range in the 1200 W segment which brings with it; Power saver technology, that cooks smart with optimum use of power. ',
        'Prestige', '1499.0', '1.5kg', b'1', 1, 5, 16, '10', '\\Prestige.jpg',
        'D:\\Imp\\projectworkspace\\SWAAP\\src\\main\\webapp\\product'),
       (36,
        'The Pigeon induction cooktop is extremely durable and specially designed to withstand the weights of heavy utensils on its induction surface.',
        'Pigeon', '1199.0', '1 kg', b'1', 1, 5, 16, '10', '\\Pigeon.jpg',
        'D:\\Imp\\projectworkspace\\SWAAP\\src\\main\\webapp\\product'),
       (37,
        'Prestige omega deluxe cookware range has 3 layer non-stick coating which allows cooking food without sticking to the cookware and metal spoon friendly, thus making the cookware long lasting.',
        'Prestige', '1750.0', '2 Kg', b'1', 1, 5, 17, '10', '\\Prestige.jpg',
        'D:\\Imp\\projectworkspace\\SWAAP\\src\\main\\webapp\\product'),
       (38,
        'Nirlon nonstick cookware set provides an array of user-friendly features. Its innovative Nirlon Thermo-Spot heat indicator makes it easy to properly pre-heat pans, which helps seal in the flavor of food, whether sauteing or searing.',
        'Nirlon', '1599.0', '1.75 Kg', b'1', 1, 5, 17, '10', '\\Nirlon.jpg',
        'D:\\Imp\\projectworkspace\\SWAAP\\src\\main\\webapp\\product'),
       (39,
        'The electric shaver is a device with a rotating or oscillating blade. The electric shaver usually does not require the use of shaving cream, soap, or water.',
        'Philips Aqua Touch', '2689.0', '300gms', b'1', 1, 6, 18, '10', '\\Philips Aqua Touch.jpg',
        'D:\\Imp\\projectworkspace\\SWAAP\\src\\main\\webapp\\product'),
       (40, 'Find multi-blade shavers, professional trimmers, hair clippers, beard trimmers.', 'Panasonic', '1200.0',
        '500gms', b'1', 1, 6, 18, '9', '\\Panasonic.jpg',
        'D:\\Imp\\projectworkspace\\SWAAP\\src\\main\\webapp\\product'),
       (41, ' It was a high-sudsing powder designed for twin-tub and top-loading washing machines.', 'Airel', '100.0',
        '1 kg', b'1', 1, 6, 19, '10 ', '\\Airel.jpg', 'D:\\Imp\\projectworkspace\\SWAAP\\src\\main\\webapp\\product'),
       (42,
        'Tide has you covered with options, such as the new and improved Tide High Efficiency Powder Laundry Detergent, which offers increased stain fighting power packed into a smaller box, allowing you to use less than you would other detergents.',
        'Tide', '120.0', '1 kg', b'1', 1, 6, 19, '10 ', '\\Tide.jpg',
        'D:\\Imp\\projectworkspace\\SWAAP\\src\\main\\webapp\\product'),
       (43,
        'The OMRON HEM-7120 is a compact, fully automatic blood pressure monitor, operating on the Oscillometric principle for precise measurements and accurate results.',
        'Omron', '2500.0', '250gms', b'1', 1, 6, 20, '10', '\\Omron.jpg',
        'D:\\Imp\\projectworkspace\\SWAAP\\src\\main\\webapp\\product'),
       (44,
        'K-Life BPM-102 is a digital blood pressure monitor (premium model) ergonomically designed to find out the blood pressure of the user in minutes and with utmost ease of usage with a big LCD backlit colour changing display.',
        'K Life', '1200.0', '300gms', b'1', 1, 6, 20, '10', '\\K Life.jpg',
        'D:\\Imp\\projectworkspace\\SWAAP\\src\\main\\webapp\\product'),
       (45, 'Every bike in the range has been carefully crafted and built using the best components and technology.',
        'BWM Cycle', '20000.0', '2.5 Kg', b'1', 1, 7, 21, '10', '\\BWM Cycle.jpg',
        'D:\\Imp\\projectworkspace\\SWAAP\\src\\main\\webapp\\product'),
       (46,
        'Hercules MTB is designed for kids who are adventurous and like to explore their neighbourhood. Rugged and reliable, our range of Roadsters are truly a cut above the rest when it comes to strength and durability.',
        'Hercules', '15500.0', '1.5 Kg', b'1', 1, 7, 21, '10', '\\Hercules.jpg',
        'D:\\Imp\\projectworkspace\\SWAAP\\src\\main\\webapp\\product'),
       (47, 'Yonex badminton rackets are known for being lightweight.', 'Yonex Racket', '2500.0', '100gms', b'1', 1, 7,
        22, '7', '\\Yonex Racket.jpg', 'D:\\Imp\\projectworkspace\\SWAAP\\src\\main\\webapp\\product'),
       (48,
        'A shuttlecock (also called a bird or birdie) is a high-drag projectile used in the sport of badminton. It has an open conical shape formed by feathers (or a synthetic alternative) embedded into a rounded cork (or rubber) base.',
        'Shuttle', '800.0', '20 gms', b'1', 1, 7, 22, '5', '\\Shuttle.jpg',
        'D:\\Imp\\projectworkspace\\SWAAP\\src\\main\\webapp\\product'),
       (49,
        'A machine with a moving strip on which one walks without moving forward. A treadmill was originally a wide wheel turned by the weight of people climbing on steps around its edge.',
        'Trademill', '26000.0', '5 Kg', b'1', 1, 7, 23, '5', '\\Trademill.jpg',
        'D:\\Imp\\projectworkspace\\SWAAP\\src\\main\\webapp\\product'),
       (50, 'Lakme compact powder for oily skin mattifies the skin and keeps it oil-free for long.', 'Compact Powder',
        '799.0', '50 gms', b'1', 1, 8, 24, '10', '\\Compact Powder.jpg',
        'D:\\Imp\\projectworkspace\\SWAAP\\src\\main\\webapp\\product'),
       (51,
        'Loreal Shampoo acts as a savior and tackles such unavoidable problems, giving you cleansed, healthy and shiny hair with every wash.',
        'Loreal shampoo', '550.0', '750 gms', b'1', 1, 8, 25, '10', '\\Loreal shampoo.jpg',
        'D:\\Imp\\projectworkspace\\SWAAP\\src\\main\\webapp\\product'),
       (52,
        'Sunscreen, also known as sunblock, is a lotion, spray, gel, foam stick or other topical product that absorbs or reflects some of the sun\'s ultraviolet (UV) radiation.', 'Sunscreen cream', '899.0', '500gms', b'1', 1, 8, 26, '10', '\\Sunscreen cream.jpg', 'D:\\Imp\\projectworkspace\\SWAAP\\src\\main\\webapp\\product');

-- --------------------------------------------------------

--
-- Table structure for table `register_table`
--

DROP TABLE IF EXISTS `register_table`;
CREATE TABLE IF NOT EXISTS `register_table` (
  `registerId` int(11) NOT NULL,
  `gender` varchar(255) DEFAULT NULL,
  `mobileNumber` varchar(255) DEFAULT NULL,
  `name` varchar(255) DEFAULT NULL,
  `loginVO_loginId` int(11) DEFAULT NULL,
  PRIMARY KEY (`registerId`),
  KEY `FKihdhpd1eme5wqxdikl3m7p9t0` (`loginVO_loginId`)
) ENGINE=InnoDB DEFAULT CHARSET=latin1;

--
-- Dumping data for table `register_table`
--

INSERT INTO `register_table` (`registerId`, `gender`, `mobileNumber`, `name`, `loginVO_loginId`) VALUES
(1, 'Female', '9898989898', 'Ritu', 7),
(2, 'Male', '8530308589', 'Tanay Shah', 3),
(3, 'Male', '8530308831', 'Tanay', 11),
(4, 'Male', '8530308832', 'user_tanay', 1),
(5, 'Male', '9865321458', 'Test', 12),
(7, 'Male', '8530308832', 'Tester', 14);

-- --------------------------------------------------------

--
-- Table structure for table `state_table`
--

DROP TABLE IF EXISTS `state_table`;
CREATE TABLE IF NOT EXISTS `state_table` (
  `id` int(11) NOT NULL AUTO_INCREMENT,
  `state_name` varchar(255) DEFAULT NULL,
  `status` bit(1) DEFAULT NULL,
  PRIMARY KEY (`id`)
) ENGINE=InnoDB AUTO_INCREMENT=37 DEFAULT CHARSET=latin1;

--
-- Dumping data for table `state_table`
--

INSERT INTO `state_table` (`id`, `state_name`, `status`) VALUES
(1, 'ANDAMAN AND NICOBAR ISLANDS', b'1'),
(2, 'ANDHRA PRADESH', b'1'),
(3, 'ARUNACHAL PRADESH', b'1'),
(4, 'ASSAM', b'1'),
(5, 'BIHAR', b'1'),
(6, 'CHATTISGARH', b'1'),
(7, 'CHANDIGARH', b'1'),
(8, 'DAMAN AND DIU', b'1'),
(9, 'DELHI', b'1'),
(10, 'DADRA AND NAGAR HAVELI', b'1'),
(11, 'GOA', b'1'),
(12, 'GUJARAT', b'1'),
(13, 'HIMACHAL PRADESH', b'1'),
(14, 'HARYANA', b'1'),
(15, 'JAMMU AND KASHMIR', b'1'),
(16, 'JHARKHAND', b'1'),
(17, 'KERALA', b'1'),
(18, 'KARNATAKA', b'1'),
(19, 'LAKSHADWEEP', b'1'),
(20, 'MEGHALAYA', b'1'),
(21, 'MAHARASHTRA', b'1'),
(22, 'MANIPUR', b'1'),
(23, 'MADHYA PRADESH', b'1'),
(24, 'MIZORAM', b'1'),
(25, 'NAGALAND', b'1'),
(26, 'ORISSA', b'1'),
(27, 'PUNJAB', b'1'),
(28, 'PONDICHERRY', b'1'),
(29, 'RAJASTHAN', b'1'),
(30, 'SIKKIM', b'1'),
(31, 'TAMIL NADU', b'1'),
(32, 'TRIPURA', b'1'),
(33, 'UTTARAKHAND', b'1'),
(34, 'UTTAR PRADESH', b'1'),
(35, 'WEST BENGAL', b'1'),
(36, 'TELANGANA', b'1');

-- --------------------------------------------------------

--
-- Table structure for table `subcategory_table`
--

DROP TABLE IF EXISTS `subcategory_table`;
CREATE TABLE IF NOT EXISTS `subcategory_table` (
  `id` int(11) NOT NULL AUTO_INCREMENT,
  `status` bit(1) DEFAULT NULL,
  `subCategory_name` varchar(255) DEFAULT NULL,
  `categoryVO` int(11) DEFAULT NULL,
  PRIMARY KEY (`id`),
  KEY `FKye1hn8g8gce79hngn8gukdid` (`categoryVO`)
) ENGINE=InnoDB AUTO_INCREMENT=27 DEFAULT CHARSET=latin1;

--
-- Dumping data for table `subcategory_table`
--

INSERT INTO `subcategory_table` (`id`, `status`, `subCategory_name`, `categoryVO`) VALUES
(1, b'1', 'Biscuits', 1),
(2, b'1', 'Health Drink', 1),
(3, b'1', 'Cereals and Pulses', 1),
(4, b'1', 'Vegetables', 1),
(5, b'1', 'Fruits', 1),
(6, b'1', 'Men t-shirts', 2),
(7, b'1', 'Women t-shirts', 2),
(8, b'1', 'Baby t-shirts', 2),
(9, b'1', 'Bangles', 3),
(10, b'1', 'Necklace', 3),
(11, b'1', 'Earrings', 3),
(12, b'1', 'Mobiles', 4),
(13, b'1', 'Laptops', 4),
(14, b'1', 'Mixer', 5),
(15, b'1', 'Mop', 5),
(16, b'1', 'Induction Stove', 5),
(17, b'1', 'Non-stick cooker set', 5),
(18, b'1', 'Shaver', 6),
(19, b'1', 'Washing Powders', 6),
(20, b'1', 'BP Monitors', 6),
(21, b'1', 'Cycling', 7),
(22, b'1', 'Badminton', 7),
(23, b'1', 'Gym', 7),
(24, b'1', 'Make-up and Nails', 8),
(25, b'1', 'Hair care', 8),
(26, b'1', 'Skin Care', 8);

--
-- Constraints for dumped tables
--

--
-- Constraints for table `branch_table`
--
ALTER TABLE `branch_table`
  ADD CONSTRAINT `FKj4ja7ylu34kpwnvo5d94luvw` FOREIGN KEY (`stateVO`) REFERENCES `state_table` (`id`),
  ADD CONSTRAINT `FKsh89y1h390xgg7aw32g8bwnyo` FOREIGN KEY (`cityVO`) REFERENCES `city_table` (`id`);

--
-- Constraints for table `cart_table`
--
ALTER TABLE `cart_table`
  ADD CONSTRAINT `FK1mvqus7kbrmjerf1afgd3p5eb` FOREIGN KEY (`order_id`) REFERENCES `order_table` (`id`),
  ADD CONSTRAINT `FKphru3q25sogwctpiwiq8id9p0` FOREIGN KEY (`product_id`) REFERENCES `product_table` (`id`),
  ADD CONSTRAINT `FKqqdpyk2dfje9bum8rsy3y7ku4` FOREIGN KEY (`login_id`) REFERENCES `login_table` (`loginId`);

--
-- Constraints for table `checklist_table`
--
ALTER TABLE `checklist_table`
  ADD CONSTRAINT `FKjcgskvma441rb9dnpwdgpp6px` FOREIGN KEY (`product_id`) REFERENCES `product_table` (`id`);

--
-- Constraints for table `city_table`
--
ALTER TABLE `city_table`
  ADD CONSTRAINT `FKq0vvcky1ohfwwqcubbl7qflc6` FOREIGN KEY (`stateVO`) REFERENCES `state_table` (`id`);

--
-- Constraints for table `complain_table`
--
ALTER TABLE `complain_table`
  ADD CONSTRAINT `FK71b3vdsauu82fion5tcbcgwws` FOREIGN KEY (`login_id`) REFERENCES `login_table` (`loginId`);

--
-- Constraints for table `feedback_table`
--
ALTER TABLE `feedback_table`
  ADD CONSTRAINT `FK2e444apdm6ih3pfkgik75y5ff` FOREIGN KEY (`login_id`) REFERENCES `login_table` (`loginId`);

--
-- Constraints for table `offer_table`
--
ALTER TABLE `offer_table`
  ADD CONSTRAINT `FKcrn53ybdgemv5wlcgb8i7d9e6` FOREIGN KEY (`productVO`) REFERENCES `product_table` (`id`),
  ADD CONSTRAINT `FKknds2vfi44seqh9nqcbkavdag` FOREIGN KEY (`categoryVO`) REFERENCES `category_table` (`id`),
  ADD CONSTRAINT `FKn0lf8ceodyo1f7252gfo1der8` FOREIGN KEY (`subCategoryVO`) REFERENCES `subcategory_table` (`id`);

--
-- Constraints for table `order_table`
--
ALTER TABLE `order_table`
  ADD CONSTRAINT `FK1gvo496u58l9mgfikuuex70qt` FOREIGN KEY (`branch_id`) REFERENCES `branch_table` (`id`),
  ADD CONSTRAINT `FK8k5bknj77oyuuexggqumnsmu0` FOREIGN KEY (`login_id`) REFERENCES `login_table` (`loginId`);

--
-- Constraints for table `product_count`
--
ALTER TABLE `product_count`
  ADD CONSTRAINT `FK7r2r0ae7hfbq0rnh5ajmga8iu` FOREIGN KEY (`productvo`) REFERENCES `product_table` (`id`);

--
-- Constraints for table `product_table`
--
ALTER TABLE `product_table`
  ADD CONSTRAINT `FK51air943fmlbicv5f36r8janf` FOREIGN KEY (`subCategoryVO`) REFERENCES `subcategory_table` (`id`),
  ADD CONSTRAINT `FKb80k7dw0gmouj1o0nu1bsl73n` FOREIGN KEY (`branchVO`) REFERENCES `branch_table` (`id`),
  ADD CONSTRAINT `FKg3rtm27uqn6ias97ts0x8lkjn` FOREIGN KEY (`categoryVO`) REFERENCES `category_table` (`id`);

--
-- Constraints for table `register_table`
--
ALTER TABLE `register_table`
  ADD CONSTRAINT `FKihdhpd1eme5wqxdikl3m7p9t0` FOREIGN KEY (`loginVO_loginId`) REFERENCES `login_table` (`loginId`);

--
-- Constraints for table `subcategory_table`
--
ALTER TABLE `subcategory_table`
  ADD CONSTRAINT `FKye1hn8g8gce79hngn8gukdid` FOREIGN KEY (`categoryVO`) REFERENCES `category_table` (`id`);
COMMIT;

/*!40101 SET CHARACTER_SET_CLIENT=@OLD_CHARACTER_SET_CLIENT */;
/*!40101 SET CHARACTER_SET_RESULTS=@OLD_CHARACTER_SET_RESULTS */;
/*!40101 SET COLLATION_CONNECTION=@OLD_COLLATION_CONNECTION */;
